codeset_id,concept_id,code,codeSystem,isExcluded,includeDescendants,includeMapped,item_id,annotation,created_by,created_at
1000000361,,102831000119104,SNOMEDCT,False,True,False,fcdc6244-4cb0-4408-b97c-0b32f5025f07,"{""when"": ""2022-04-22"", ""who"": ""Data Ingest & Harmonization (DIH)"", ""project"": ""N3C-enclave-import"", ""oids-source"": ""data/vsac-OIDs/Lisa6-VSAC-2022-04-21.csv"", ""generation-process"": ""oids from data/vsac-OIDs/Lisa6-VSAC-2022-04-21.csv => VSAC trad API => 3-file dir /Users/joeflack4/projects/ValueSet-Tools/vsac_wrangler/../data/palantir-three-file/vsac/2022.04.22/output"", ""valueset-source"": ""VSAC""}",a39723f3-dc9c-48ce-90ff-06891c29114f,2022-04-22T22:01:10.079Z
1000000361,,103761000119107,SNOMEDCT,False,True,False,85ee65c8-d85c-4f9e-afbc-e332bda847a2,"{""when"": ""2022-04-22"", ""who"": ""Data Ingest & Harmonization (DIH)"", ""project"": ""N3C-enclave-import"", ""oids-source"": ""data/vsac-OIDs/Lisa6-VSAC-2022-04-21.csv"", ""generation-process"": ""oids from data/vsac-OIDs/Lisa6-VSAC-2022-04-21.csv => VSAC trad API => 3-file dir /Users/joeflack4/projects/ValueSet-Tools/vsac_wrangler/../data/palantir-three-file/vsac/2022.04.22/output"", ""valueset-source"": ""VSAC""}",a39723f3-dc9c-48ce-90ff-06891c29114f,2022-04-22T22:01:10.080Z
1000000361,,108691000119102,SNOMEDCT,False,True,False,212ce57c-b311-42e9-a9a6-2a8a5c73904b,"{""when"": ""2022-04-22"", ""who"": ""Data Ingest & Harmonization (DIH)"", ""project"": ""N3C-enclave-import"", ""oids-source"": ""data/vsac-OIDs/Lisa6-VSAC-2022-04-21.csv"", ""generation-process"": ""oids from data/vsac-OIDs/Lisa6-VSAC-2022-04-21.csv => VSAC trad API => 3-file dir /Users/joeflack4/projects/ValueSet-Tools/vsac_wrangler/../data/palantir-three-file/vsac/2022.04.22/output"", ""valueset-source"": ""VSAC""}",a39723f3-dc9c-48ce-90ff-06891c29114f,2022-04-22T22:01:10.080Z
1000000361,,111297002,SNOMEDCT,False,True,False,cda7110b-24da-44a8-a271-845b54279051,"{""when"": ""2022-04-22"", ""who"": ""Data Ingest & Harmonization (DIH)"", ""project"": ""N3C-enclave-import"", ""oids-source"": ""data/vsac-OIDs/Lisa6-VSAC-2022-04-21.csv"", ""generation-process"": ""oids from data/vsac-OIDs/Lisa6-VSAC-2022-04-21.csv => VSAC trad API => 3-file dir /Users/joeflack4/projects/ValueSet-Tools/vsac_wrangler/../data/palantir-three-file/vsac/2022.04.22/output"", ""valueset-source"": ""VSAC""}",a39723f3-dc9c-48ce-90ff-06891c29114f,2022-04-22T22:01:10.080Z
1000000361,,111298007,SNOMEDCT,False,True,False,2db866aa-ece3-4db6-a7d1-0eaca1b5b207,"{""when"": ""2022-04-22"", ""who"": ""Data Ingest & Harmonization (DIH)"", ""project"": ""N3C-enclave-import"", ""oids-source"": ""data/vsac-OIDs/Lisa6-VSAC-2022-04-21.csv"", ""generation-process"": ""oids from data/vsac-OIDs/Lisa6-VSAC-2022-04-21.csv => VSAC trad API => 3-file dir /Users/joeflack4/projects/ValueSet-Tools/vsac_wrangler/../data/palantir-three-file/vsac/2022.04.22/output"", ""valueset-source"": ""VSAC""}",a39723f3-dc9c-48ce-90ff-06891c29114f,2022-04-22T22:01:10.080Z
1000000361,,116288000,SNOMEDCT,False,True,False,29935872-3f71-45e4-b895-0db054b41abd,"{""when"": ""2022-04-22"", ""who"": ""Data Ingest & Harmonization (DIH)"", ""project"": ""N3C-enclave-import"", ""oids-source"": ""data/vsac-OIDs/Lisa6-VSAC-2022-04-21.csv"", ""generation-process"": ""oids from data/vsac-OIDs/Lisa6-VSAC-2022-04-21.csv => VSAC trad API => 3-file dir /Users/joeflack4/projects/ValueSet-Tools/vsac_wrangler/../data/palantir-three-file/vsac/2022.04.22/output"", ""valueset-source"": ""VSAC""}",a39723f3-dc9c-48ce-90ff-06891c29114f,2022-04-22T22:01:10.080Z
1000000361,,133981000119106,SNOMEDCT,False,True,False,59c24dfc-f302-4777-9480-bc6e291c428c,"{""when"": ""2022-04-22"", ""who"": ""Data Ingest & Harmonization (DIH)"", ""project"": ""N3C-enclave-import"", ""oids-source"": ""data/vsac-OIDs/Lisa6-VSAC-2022-04-21.csv"", ""generation-process"": ""oids from data/vsac-OIDs/Lisa6-VSAC-2022-04-21.csv => VSAC trad API => 3-file dir /Users/joeflack4/projects/ValueSet-Tools/vsac_wrangler/../data/palantir-three-file/vsac/2022.04.22/output"", ""valueset-source"": ""VSAC""}",a39723f3-dc9c-48ce-90ff-06891c29114f,2022-04-22T22:01:10.080Z
1000000361,,133991000119109,SNOMEDCT,False,True,False,4968112c-c343-44d4-a363-1b70ba3d6115,"{""when"": ""2022-04-22"", ""who"": ""Data Ingest & Harmonization (DIH)"", ""project"": ""N3C-enclave-import"", ""oids-source"": ""data/vsac-OIDs/Lisa6-VSAC-2022-04-21.csv"", ""generation-process"": ""oids from data/vsac-OIDs/Lisa6-VSAC-2022-04-21.csv => VSAC trad API => 3-file dir /Users/joeflack4/projects/ValueSet-Tools/vsac_wrangler/../data/palantir-three-file/vsac/2022.04.22/output"", ""valueset-source"": ""VSAC""}",a39723f3-dc9c-48ce-90ff-06891c29114f,2022-04-22T22:01:10.080Z
1000000361,,134771000119108,SNOMEDCT,False,True,False,3469c8fb-0d66-41a1-9cea-951b348caea8,"{""when"": ""2022-04-22"", ""who"": ""Data Ingest & Harmonization (DIH)"", ""project"": ""N3C-enclave-import"", ""oids-source"": ""data/vsac-OIDs/Lisa6-VSAC-2022-04-21.csv"", ""generation-process"": ""oids from data/vsac-OIDs/Lisa6-VSAC-2022-04-21.csv => VSAC trad API => 3-file dir /Users/joeflack4/projects/ValueSet-Tools/vsac_wrangler/../data/palantir-three-file/vsac/2022.04.22/output"", ""valueset-source"": ""VSAC""}",a39723f3-dc9c-48ce-90ff-06891c29114f,2022-04-22T22:01:10.080Z
1000000361,,137991000119103,SNOMEDCT,False,True,False,e5a404fe-9081-404b-92a1-57fe68fe4403,"{""when"": ""2022-04-22"", ""who"": ""Data Ingest & Harmonization (DIH)"", ""project"": ""N3C-enclave-import"", ""oids-source"": ""data/vsac-OIDs/Lisa6-VSAC-2022-04-21.csv"", ""generation-process"": ""oids from data/vsac-OIDs/Lisa6-VSAC-2022-04-21.csv => VSAC trad API => 3-file dir /Users/joeflack4/projects/ValueSet-Tools/vsac_wrangler/../data/palantir-three-file/vsac/2022.04.22/output"", ""valueset-source"": ""VSAC""}",a39723f3-dc9c-48ce-90ff-06891c29114f,2022-04-22T22:01:10.080Z
1000000361,,140281000119108,SNOMEDCT,False,True,False,7511ee6f-8d01-4e0a-ab6f-32da321b218b,"{""when"": ""2022-04-22"", ""who"": ""Data Ingest & Harmonization (DIH)"", ""project"": ""N3C-enclave-import"", ""oids-source"": ""data/vsac-OIDs/Lisa6-VSAC-2022-04-21.csv"", ""generation-process"": ""oids from data/vsac-OIDs/Lisa6-VSAC-2022-04-21.csv => VSAC trad API => 3-file dir /Users/joeflack4/projects/ValueSet-Tools/vsac_wrangler/../data/palantir-three-file/vsac/2022.04.22/output"", ""valueset-source"": ""VSAC""}",a39723f3-dc9c-48ce-90ff-06891c29114f,2022-04-22T22:01:10.080Z
1000000361,,140911000119109,SNOMEDCT,False,True,False,8a89d051-4875-4b4a-babd-4a11629ab280,"{""when"": ""2022-04-22"", ""who"": ""Data Ingest & Harmonization (DIH)"", ""project"": ""N3C-enclave-import"", ""oids-source"": ""data/vsac-OIDs/Lisa6-VSAC-2022-04-21.csv"", ""generation-process"": ""oids from data/vsac-OIDs/Lisa6-VSAC-2022-04-21.csv => VSAC trad API => 3-file dir /Users/joeflack4/projects/ValueSet-Tools/vsac_wrangler/../data/palantir-three-file/vsac/2022.04.22/output"", ""valueset-source"": ""VSAC""}",a39723f3-dc9c-48ce-90ff-06891c29114f,2022-04-22T22:01:10.080Z
1000000361,,140921000119102,SNOMEDCT,False,True,False,4fa223bd-cb94-4f27-ba56-a02f9e49d61d,"{""when"": ""2022-04-22"", ""who"": ""Data Ingest & Harmonization (DIH)"", ""project"": ""N3C-enclave-import"", ""oids-source"": ""data/vsac-OIDs/Lisa6-VSAC-2022-04-21.csv"", ""generation-process"": ""oids from data/vsac-OIDs/Lisa6-VSAC-2022-04-21.csv => VSAC trad API => 3-file dir /Users/joeflack4/projects/ValueSet-Tools/vsac_wrangler/../data/palantir-three-file/vsac/2022.04.22/output"", ""valueset-source"": ""VSAC""}",a39723f3-dc9c-48ce-90ff-06891c29114f,2022-04-22T22:01:10.080Z
1000000361,,145741000119101,SNOMEDCT,False,True,False,bfef7ea3-e171-4013-baf0-96b7a41c5f0d,"{""when"": ""2022-04-22"", ""who"": ""Data Ingest & Harmonization (DIH)"", ""project"": ""N3C-enclave-import"", ""oids-source"": ""data/vsac-OIDs/Lisa6-VSAC-2022-04-21.csv"", ""generation-process"": ""oids from data/vsac-OIDs/Lisa6-VSAC-2022-04-21.csv => VSAC trad API => 3-file dir /Users/joeflack4/projects/ValueSet-Tools/vsac_wrangler/../data/palantir-three-file/vsac/2022.04.22/output"", ""valueset-source"": ""VSAC""}",a39723f3-dc9c-48ce-90ff-06891c29114f,2022-04-22T22:01:10.080Z
1000000361,,148871000119109,SNOMEDCT,False,True,False,12394525-511a-429b-91bd-72a1dc78ac8d,"{""when"": ""2022-04-22"", ""who"": ""Data Ingest & Harmonization (DIH)"", ""project"": ""N3C-enclave-import"", ""oids-source"": ""data/vsac-OIDs/Lisa6-VSAC-2022-04-21.csv"", ""generation-process"": ""oids from data/vsac-OIDs/Lisa6-VSAC-2022-04-21.csv => VSAC trad API => 3-file dir /Users/joeflack4/projects/ValueSet-Tools/vsac_wrangler/../data/palantir-three-file/vsac/2022.04.22/output"", ""valueset-source"": ""VSAC""}",a39723f3-dc9c-48ce-90ff-06891c29114f,2022-04-22T22:01:10.080Z
1000000361,,149821000119103,SNOMEDCT,False,True,False,78b2f0e3-3d6a-4935-8c90-869a14fc6d58,"{""when"": ""2022-04-22"", ""who"": ""Data Ingest & Harmonization (DIH)"", ""project"": ""N3C-enclave-import"", ""oids-source"": ""data/vsac-OIDs/Lisa6-VSAC-2022-04-21.csv"", ""generation-process"": ""oids from data/vsac-OIDs/Lisa6-VSAC-2022-04-21.csv => VSAC trad API => 3-file dir /Users/joeflack4/projects/ValueSet-Tools/vsac_wrangler/../data/palantir-three-file/vsac/2022.04.22/output"", ""valueset-source"": ""VSAC""}",a39723f3-dc9c-48ce-90ff-06891c29114f,2022-04-22T22:01:10.080Z
1000000361,,161511000,SNOMEDCT,False,True,False,110d833d-7fb1-4586-9caf-2eed83a129c8,"{""when"": ""2022-04-22"", ""who"": ""Data Ingest & Harmonization (DIH)"", ""project"": ""N3C-enclave-import"", ""oids-source"": ""data/vsac-OIDs/Lisa6-VSAC-2022-04-21.csv"", ""generation-process"": ""oids from data/vsac-OIDs/Lisa6-VSAC-2022-04-21.csv => VSAC trad API => 3-file dir /Users/joeflack4/projects/ValueSet-Tools/vsac_wrangler/../data/palantir-three-file/vsac/2022.04.22/output"", ""valueset-source"": ""VSAC""}",a39723f3-dc9c-48ce-90ff-06891c29114f,2022-04-22T22:01:10.081Z
1000000361,,18761000119108,SNOMEDCT,False,True,False,bcf93fb0-d9c7-4fa8-997c-ea1b3861a140,"{""when"": ""2022-04-22"", ""who"": ""Data Ingest & Harmonization (DIH)"", ""project"": ""N3C-enclave-import"", ""oids-source"": ""data/vsac-OIDs/Lisa6-VSAC-2022-04-21.csv"", ""generation-process"": ""oids from data/vsac-OIDs/Lisa6-VSAC-2022-04-21.csv => VSAC trad API => 3-file dir /Users/joeflack4/projects/ValueSet-Tools/vsac_wrangler/../data/palantir-three-file/vsac/2022.04.22/output"", ""valueset-source"": ""VSAC""}",a39723f3-dc9c-48ce-90ff-06891c29114f,2022-04-22T22:01:10.081Z
1000000361,,192813004,SNOMEDCT,False,True,False,3007db5c-bfa9-4023-b2b6-1c881bf16f42,"{""when"": ""2022-04-22"", ""who"": ""Data Ingest & Harmonization (DIH)"", ""project"": ""N3C-enclave-import"", ""oids-source"": ""data/vsac-OIDs/Lisa6-VSAC-2022-04-21.csv"", ""generation-process"": ""oids from data/vsac-OIDs/Lisa6-VSAC-2022-04-21.csv => VSAC trad API => 3-file dir /Users/joeflack4/projects/ValueSet-Tools/vsac_wrangler/../data/palantir-three-file/vsac/2022.04.22/output"", ""valueset-source"": ""VSAC""}",a39723f3-dc9c-48ce-90ff-06891c29114f,2022-04-22T22:01:10.081Z
1000000361,,195185009,SNOMEDCT,False,True,False,cd8f2311-c042-416b-9bce-2664c496b59a,"{""when"": ""2022-04-22"", ""who"": ""Data Ingest & Harmonization (DIH)"", ""project"": ""N3C-enclave-import"", ""oids-source"": ""data/vsac-OIDs/Lisa6-VSAC-2022-04-21.csv"", ""generation-process"": ""oids from data/vsac-OIDs/Lisa6-VSAC-2022-04-21.csv => VSAC trad API => 3-file dir /Users/joeflack4/projects/ValueSet-Tools/vsac_wrangler/../data/palantir-three-file/vsac/2022.04.22/output"", ""valueset-source"": ""VSAC""}",a39723f3-dc9c-48ce-90ff-06891c29114f,2022-04-22T22:01:10.081Z
1000000361,,195186005,SNOMEDCT,False,True,False,c0036b3b-0ed5-4db4-a346-3eef563b2aa8,"{""when"": ""2022-04-22"", ""who"": ""Data Ingest & Harmonization (DIH)"", ""project"": ""N3C-enclave-import"", ""oids-source"": ""data/vsac-OIDs/Lisa6-VSAC-2022-04-21.csv"", ""generation-process"": ""oids from data/vsac-OIDs/Lisa6-VSAC-2022-04-21.csv => VSAC trad API => 3-file dir /Users/joeflack4/projects/ValueSet-Tools/vsac_wrangler/../data/palantir-three-file/vsac/2022.04.22/output"", ""valueset-source"": ""VSAC""}",a39723f3-dc9c-48ce-90ff-06891c29114f,2022-04-22T22:01:10.081Z
1000000361,,195189003,SNOMEDCT,False,True,False,0d0d0428-2fcc-4d5f-b02c-441ca47a19f9,"{""when"": ""2022-04-22"", ""who"": ""Data Ingest & Harmonization (DIH)"", ""project"": ""N3C-enclave-import"", ""oids-source"": ""data/vsac-OIDs/Lisa6-VSAC-2022-04-21.csv"", ""generation-process"": ""oids from data/vsac-OIDs/Lisa6-VSAC-2022-04-21.csv => VSAC trad API => 3-file dir /Users/joeflack4/projects/ValueSet-Tools/vsac_wrangler/../data/palantir-three-file/vsac/2022.04.22/output"", ""valueset-source"": ""VSAC""}",a39723f3-dc9c-48ce-90ff-06891c29114f,2022-04-22T22:01:10.081Z
1000000361,,195190007,SNOMEDCT,False,True,False,18963861-c255-44e4-80b2-3c9153d84596,"{""when"": ""2022-04-22"", ""who"": ""Data Ingest & Harmonization (DIH)"", ""project"": ""N3C-enclave-import"", ""oids-source"": ""data/vsac-OIDs/Lisa6-VSAC-2022-04-21.csv"", ""generation-process"": ""oids from data/vsac-OIDs/Lisa6-VSAC-2022-04-21.csv => VSAC trad API => 3-file dir /Users/joeflack4/projects/ValueSet-Tools/vsac_wrangler/../data/palantir-three-file/vsac/2022.04.22/output"", ""valueset-source"": ""VSAC""}",a39723f3-dc9c-48ce-90ff-06891c29114f,2022-04-22T22:01:10.081Z
1000000361,,195212005,SNOMEDCT,False,True,False,433f4393-43cc-48fe-8701-7b267f17c53c,"{""when"": ""2022-04-22"", ""who"": ""Data Ingest & Harmonization (DIH)"", ""project"": ""N3C-enclave-import"", ""oids-source"": ""data/vsac-OIDs/Lisa6-VSAC-2022-04-21.csv"", ""generation-process"": ""oids from data/vsac-OIDs/Lisa6-VSAC-2022-04-21.csv => VSAC trad API => 3-file dir /Users/joeflack4/projects/ValueSet-Tools/vsac_wrangler/../data/palantir-three-file/vsac/2022.04.22/output"", ""valueset-source"": ""VSAC""}",a39723f3-dc9c-48ce-90ff-06891c29114f,2022-04-22T22:01:10.081Z
1000000361,,195213000,SNOMEDCT,False,True,False,fd2975a8-ac93-494f-aeca-fabe1ee593fd,"{""when"": ""2022-04-22"", ""who"": ""Data Ingest & Harmonization (DIH)"", ""project"": ""N3C-enclave-import"", ""oids-source"": ""data/vsac-OIDs/Lisa6-VSAC-2022-04-21.csv"", ""generation-process"": ""oids from data/vsac-OIDs/Lisa6-VSAC-2022-04-21.csv => VSAC trad API => 3-file dir /Users/joeflack4/projects/ValueSet-Tools/vsac_wrangler/../data/palantir-three-file/vsac/2022.04.22/output"", ""valueset-source"": ""VSAC""}",a39723f3-dc9c-48ce-90ff-06891c29114f,2022-04-22T22:01:10.081Z
1000000361,,195230003,SNOMEDCT,False,True,False,eb782fad-6715-4e3f-9944-b4927f63629e,"{""when"": ""2022-04-22"", ""who"": ""Data Ingest & Harmonization (DIH)"", ""project"": ""N3C-enclave-import"", ""oids-source"": ""data/vsac-OIDs/Lisa6-VSAC-2022-04-21.csv"", ""generation-process"": ""oids from data/vsac-OIDs/Lisa6-VSAC-2022-04-21.csv => VSAC trad API => 3-file dir /Users/joeflack4/projects/ValueSet-Tools/vsac_wrangler/../data/palantir-three-file/vsac/2022.04.22/output"", ""valueset-source"": ""VSAC""}",a39723f3-dc9c-48ce-90ff-06891c29114f,2022-04-22T22:01:10.081Z
1000000361,,195239002,SNOMEDCT,False,True,False,172c72bb-0dfb-4f85-aeb1-2ea7981030cf,"{""when"": ""2022-04-22"", ""who"": ""Data Ingest & Harmonization (DIH)"", ""project"": ""N3C-enclave-import"", ""oids-source"": ""data/vsac-OIDs/Lisa6-VSAC-2022-04-21.csv"", ""generation-process"": ""oids from data/vsac-OIDs/Lisa6-VSAC-2022-04-21.csv => VSAC trad API => 3-file dir /Users/joeflack4/projects/ValueSet-Tools/vsac_wrangler/../data/palantir-three-file/vsac/2022.04.22/output"", ""valueset-source"": ""VSAC""}",a39723f3-dc9c-48ce-90ff-06891c29114f,2022-04-22T22:01:10.081Z
1000000361,,195243003,SNOMEDCT,False,True,False,ff365881-0867-4582-9ee6-1d509d9c17be,"{""when"": ""2022-04-22"", ""who"": ""Data Ingest & Harmonization (DIH)"", ""project"": ""N3C-enclave-import"", ""oids-source"": ""data/vsac-OIDs/Lisa6-VSAC-2022-04-21.csv"", ""generation-process"": ""oids from data/vsac-OIDs/Lisa6-VSAC-2022-04-21.csv => VSAC trad API => 3-file dir /Users/joeflack4/projects/ValueSet-Tools/vsac_wrangler/../data/palantir-three-file/vsac/2022.04.22/output"", ""valueset-source"": ""VSAC""}",a39723f3-dc9c-48ce-90ff-06891c29114f,2022-04-22T22:01:10.081Z
1000000361,,20059004,SNOMEDCT,False,True,False,81d27cc2-a03b-4527-9583-84320cc0f94b,"{""when"": ""2022-04-22"", ""who"": ""Data Ingest & Harmonization (DIH)"", ""project"": ""N3C-enclave-import"", ""oids-source"": ""data/vsac-OIDs/Lisa6-VSAC-2022-04-21.csv"", ""generation-process"": ""oids from data/vsac-OIDs/Lisa6-VSAC-2022-04-21.csv => VSAC trad API => 3-file dir /Users/joeflack4/projects/ValueSet-Tools/vsac_wrangler/../data/palantir-three-file/vsac/2022.04.22/output"", ""valueset-source"": ""VSAC""}",a39723f3-dc9c-48ce-90ff-06891c29114f,2022-04-22T22:01:10.081Z
1000000361,,230690007,SNOMEDCT,False,True,False,933eb300-b598-4047-b19e-c5c8b668a715,"{""when"": ""2022-04-22"", ""who"": ""Data Ingest & Harmonization (DIH)"", ""project"": ""N3C-enclave-import"", ""oids-source"": ""data/vsac-OIDs/Lisa6-VSAC-2022-04-21.csv"", ""generation-process"": ""oids from data/vsac-OIDs/Lisa6-VSAC-2022-04-21.csv => VSAC trad API => 3-file dir /Users/joeflack4/projects/ValueSet-Tools/vsac_wrangler/../data/palantir-three-file/vsac/2022.04.22/output"", ""valueset-source"": ""VSAC""}",a39723f3-dc9c-48ce-90ff-06891c29114f,2022-04-22T22:01:10.081Z
1000000361,,230693009,SNOMEDCT,False,True,False,ed234f87-d023-4c14-9783-34340f1e125f,"{""when"": ""2022-04-22"", ""who"": ""Data Ingest & Harmonization (DIH)"", ""project"": ""N3C-enclave-import"", ""oids-source"": ""data/vsac-OIDs/Lisa6-VSAC-2022-04-21.csv"", ""generation-process"": ""oids from data/vsac-OIDs/Lisa6-VSAC-2022-04-21.csv => VSAC trad API => 3-file dir /Users/joeflack4/projects/ValueSet-Tools/vsac_wrangler/../data/palantir-three-file/vsac/2022.04.22/output"", ""valueset-source"": ""VSAC""}",a39723f3-dc9c-48ce-90ff-06891c29114f,2022-04-22T22:01:10.081Z
1000000361,,230694003,SNOMEDCT,False,True,False,fda34936-41ab-4469-95c1-1eeaa04261e3,"{""when"": ""2022-04-22"", ""who"": ""Data Ingest & Harmonization (DIH)"", ""project"": ""N3C-enclave-import"", ""oids-source"": ""data/vsac-OIDs/Lisa6-VSAC-2022-04-21.csv"", ""generation-process"": ""oids from data/vsac-OIDs/Lisa6-VSAC-2022-04-21.csv => VSAC trad API => 3-file dir /Users/joeflack4/projects/ValueSet-Tools/vsac_wrangler/../data/palantir-three-file/vsac/2022.04.22/output"", ""valueset-source"": ""VSAC""}",a39723f3-dc9c-48ce-90ff-06891c29114f,2022-04-22T22:01:10.081Z
1000000361,,230695002,SNOMEDCT,False,True,False,abe7b400-a909-4f44-b7b5-46fb0d495480,"{""when"": ""2022-04-22"", ""who"": ""Data Ingest & Harmonization (DIH)"", ""project"": ""N3C-enclave-import"", ""oids-source"": ""data/vsac-OIDs/Lisa6-VSAC-2022-04-21.csv"", ""generation-process"": ""oids from data/vsac-OIDs/Lisa6-VSAC-2022-04-21.csv => VSAC trad API => 3-file dir /Users/joeflack4/projects/ValueSet-Tools/vsac_wrangler/../data/palantir-three-file/vsac/2022.04.22/output"", ""valueset-source"": ""VSAC""}",a39723f3-dc9c-48ce-90ff-06891c29114f,2022-04-22T22:01:10.081Z
1000000361,,230696001,SNOMEDCT,False,True,False,1d268671-fa38-4bdf-a352-195c2299f5a9,"{""when"": ""2022-04-22"", ""who"": ""Data Ingest & Harmonization (DIH)"", ""project"": ""N3C-enclave-import"", ""oids-source"": ""data/vsac-OIDs/Lisa6-VSAC-2022-04-21.csv"", ""generation-process"": ""oids from data/vsac-OIDs/Lisa6-VSAC-2022-04-21.csv => VSAC trad API => 3-file dir /Users/joeflack4/projects/ValueSet-Tools/vsac_wrangler/../data/palantir-three-file/vsac/2022.04.22/output"", ""valueset-source"": ""VSAC""}",a39723f3-dc9c-48ce-90ff-06891c29114f,2022-04-22T22:01:10.081Z
1000000361,,230698000,SNOMEDCT,False,True,False,06edd30f-0476-4d63-844a-4cbbba64c762,"{""when"": ""2022-04-22"", ""who"": ""Data Ingest & Harmonization (DIH)"", ""project"": ""N3C-enclave-import"", ""oids-source"": ""data/vsac-OIDs/Lisa6-VSAC-2022-04-21.csv"", ""generation-process"": ""oids from data/vsac-OIDs/Lisa6-VSAC-2022-04-21.csv => VSAC trad API => 3-file dir /Users/joeflack4/projects/ValueSet-Tools/vsac_wrangler/../data/palantir-three-file/vsac/2022.04.22/output"", ""valueset-source"": ""VSAC""}",a39723f3-dc9c-48ce-90ff-06891c29114f,2022-04-22T22:01:10.082Z
1000000361,,230706003,SNOMEDCT,False,True,False,8df553af-24d1-4ee4-920e-66d4a4a892fd,"{""when"": ""2022-04-22"", ""who"": ""Data Ingest & Harmonization (DIH)"", ""project"": ""N3C-enclave-import"", ""oids-source"": ""data/vsac-OIDs/Lisa6-VSAC-2022-04-21.csv"", ""generation-process"": ""oids from data/vsac-OIDs/Lisa6-VSAC-2022-04-21.csv => VSAC trad API => 3-file dir /Users/joeflack4/projects/ValueSet-Tools/vsac_wrangler/../data/palantir-three-file/vsac/2022.04.22/output"", ""valueset-source"": ""VSAC""}",a39723f3-dc9c-48ce-90ff-06891c29114f,2022-04-22T22:01:10.082Z
1000000361,,230707007,SNOMEDCT,False,True,False,51123cdf-348b-4a0d-b684-47e684ba6bc9,"{""when"": ""2022-04-22"", ""who"": ""Data Ingest & Harmonization (DIH)"", ""project"": ""N3C-enclave-import"", ""oids-source"": ""data/vsac-OIDs/Lisa6-VSAC-2022-04-21.csv"", ""generation-process"": ""oids from data/vsac-OIDs/Lisa6-VSAC-2022-04-21.csv => VSAC trad API => 3-file dir /Users/joeflack4/projects/ValueSet-Tools/vsac_wrangler/../data/palantir-three-file/vsac/2022.04.22/output"", ""valueset-source"": ""VSAC""}",a39723f3-dc9c-48ce-90ff-06891c29114f,2022-04-22T22:01:10.082Z
1000000361,,230708002,SNOMEDCT,False,True,False,40367b5c-f4d4-4062-b343-0564393f1698,"{""when"": ""2022-04-22"", ""who"": ""Data Ingest & Harmonization (DIH)"", ""project"": ""N3C-enclave-import"", ""oids-source"": ""data/vsac-OIDs/Lisa6-VSAC-2022-04-21.csv"", ""generation-process"": ""oids from data/vsac-OIDs/Lisa6-VSAC-2022-04-21.csv => VSAC trad API => 3-file dir /Users/joeflack4/projects/ValueSet-Tools/vsac_wrangler/../data/palantir-three-file/vsac/2022.04.22/output"", ""valueset-source"": ""VSAC""}",a39723f3-dc9c-48ce-90ff-06891c29114f,2022-04-22T22:01:10.082Z
1000000361,,230713003,SNOMEDCT,False,True,False,585658a3-d606-467d-b99b-6231cb070b22,"{""when"": ""2022-04-22"", ""who"": ""Data Ingest & Harmonization (DIH)"", ""project"": ""N3C-enclave-import"", ""oids-source"": ""data/vsac-OIDs/Lisa6-VSAC-2022-04-21.csv"", ""generation-process"": ""oids from data/vsac-OIDs/Lisa6-VSAC-2022-04-21.csv => VSAC trad API => 3-file dir /Users/joeflack4/projects/ValueSet-Tools/vsac_wrangler/../data/palantir-three-file/vsac/2022.04.22/output"", ""valueset-source"": ""VSAC""}",a39723f3-dc9c-48ce-90ff-06891c29114f,2022-04-22T22:01:10.082Z
1000000361,,230714009,SNOMEDCT,False,True,False,176f931d-88d2-49bb-9609-86aa79981a39,"{""when"": ""2022-04-22"", ""who"": ""Data Ingest & Harmonization (DIH)"", ""project"": ""N3C-enclave-import"", ""oids-source"": ""data/vsac-OIDs/Lisa6-VSAC-2022-04-21.csv"", ""generation-process"": ""oids from data/vsac-OIDs/Lisa6-VSAC-2022-04-21.csv => VSAC trad API => 3-file dir /Users/joeflack4/projects/ValueSet-Tools/vsac_wrangler/../data/palantir-three-file/vsac/2022.04.22/output"", ""valueset-source"": ""VSAC""}",a39723f3-dc9c-48ce-90ff-06891c29114f,2022-04-22T22:01:10.082Z
1000000361,,230715005,SNOMEDCT,False,True,False,8b230a61-c953-4554-a16c-c98503be2fbb,"{""when"": ""2022-04-22"", ""who"": ""Data Ingest & Harmonization (DIH)"", ""project"": ""N3C-enclave-import"", ""oids-source"": ""data/vsac-OIDs/Lisa6-VSAC-2022-04-21.csv"", ""generation-process"": ""oids from data/vsac-OIDs/Lisa6-VSAC-2022-04-21.csv => VSAC trad API => 3-file dir /Users/joeflack4/projects/ValueSet-Tools/vsac_wrangler/../data/palantir-three-file/vsac/2022.04.22/output"", ""valueset-source"": ""VSAC""}",a39723f3-dc9c-48ce-90ff-06891c29114f,2022-04-22T22:01:10.082Z
1000000361,,230738008,SNOMEDCT,False,True,False,f0e47c9c-a80b-4047-b3b0-b49a2db035df,"{""when"": ""2022-04-22"", ""who"": ""Data Ingest & Harmonization (DIH)"", ""project"": ""N3C-enclave-import"", ""oids-source"": ""data/vsac-OIDs/Lisa6-VSAC-2022-04-21.csv"", ""generation-process"": ""oids from data/vsac-OIDs/Lisa6-VSAC-2022-04-21.csv => VSAC trad API => 3-file dir /Users/joeflack4/projects/ValueSet-Tools/vsac_wrangler/../data/palantir-three-file/vsac/2022.04.22/output"", ""valueset-source"": ""VSAC""}",a39723f3-dc9c-48ce-90ff-06891c29114f,2022-04-22T22:01:10.082Z
1000000361,,23671000119107,SNOMEDCT,False,True,False,f50b0df0-cbbe-4e0f-9feb-5fe3d1e431be,"{""when"": ""2022-04-22"", ""who"": ""Data Ingest & Harmonization (DIH)"", ""project"": ""N3C-enclave-import"", ""oids-source"": ""data/vsac-OIDs/Lisa6-VSAC-2022-04-21.csv"", ""generation-process"": ""oids from data/vsac-OIDs/Lisa6-VSAC-2022-04-21.csv => VSAC trad API => 3-file dir /Users/joeflack4/projects/ValueSet-Tools/vsac_wrangler/../data/palantir-three-file/vsac/2022.04.22/output"", ""valueset-source"": ""VSAC""}",a39723f3-dc9c-48ce-90ff-06891c29114f,2022-04-22T22:01:10.082Z
1000000361,,25133001,SNOMEDCT,False,True,False,479fa578-5e31-41ef-a05b-e1d63a33ea84,"{""when"": ""2022-04-22"", ""who"": ""Data Ingest & Harmonization (DIH)"", ""project"": ""N3C-enclave-import"", ""oids-source"": ""data/vsac-OIDs/Lisa6-VSAC-2022-04-21.csv"", ""generation-process"": ""oids from data/vsac-OIDs/Lisa6-VSAC-2022-04-21.csv => VSAC trad API => 3-file dir /Users/joeflack4/projects/ValueSet-Tools/vsac_wrangler/../data/palantir-three-file/vsac/2022.04.22/output"", ""valueset-source"": ""VSAC""}",a39723f3-dc9c-48ce-90ff-06891c29114f,2022-04-22T22:01:10.082Z
1000000361,,26021000119107,SNOMEDCT,False,True,False,de6e6370-3623-4a9b-bd99-6f4627b4b5de,"{""when"": ""2022-04-22"", ""who"": ""Data Ingest & Harmonization (DIH)"", ""project"": ""N3C-enclave-import"", ""oids-source"": ""data/vsac-OIDs/Lisa6-VSAC-2022-04-21.csv"", ""generation-process"": ""oids from data/vsac-OIDs/Lisa6-VSAC-2022-04-21.csv => VSAC trad API => 3-file dir /Users/joeflack4/projects/ValueSet-Tools/vsac_wrangler/../data/palantir-three-file/vsac/2022.04.22/output"", ""valueset-source"": ""VSAC""}",a39723f3-dc9c-48ce-90ff-06891c29114f,2022-04-22T22:01:10.082Z
1000000361,,266257000,SNOMEDCT,False,True,False,c9c37e26-eb0b-444b-bede-df76931cba8f,"{""when"": ""2022-04-22"", ""who"": ""Data Ingest & Harmonization (DIH)"", ""project"": ""N3C-enclave-import"", ""oids-source"": ""data/vsac-OIDs/Lisa6-VSAC-2022-04-21.csv"", ""generation-process"": ""oids from data/vsac-OIDs/Lisa6-VSAC-2022-04-21.csv => VSAC trad API => 3-file dir /Users/joeflack4/projects/ValueSet-Tools/vsac_wrangler/../data/palantir-three-file/vsac/2022.04.22/output"", ""valueset-source"": ""VSAC""}",a39723f3-dc9c-48ce-90ff-06891c29114f,2022-04-22T22:01:10.082Z
1000000361,,275434003,SNOMEDCT,False,True,False,b7bed870-df67-4133-ae01-099e2c518664,"{""when"": ""2022-04-22"", ""who"": ""Data Ingest & Harmonization (DIH)"", ""project"": ""N3C-enclave-import"", ""oids-source"": ""data/vsac-OIDs/Lisa6-VSAC-2022-04-21.csv"", ""generation-process"": ""oids from data/vsac-OIDs/Lisa6-VSAC-2022-04-21.csv => VSAC trad API => 3-file dir /Users/joeflack4/projects/ValueSet-Tools/vsac_wrangler/../data/palantir-three-file/vsac/2022.04.22/output"", ""valueset-source"": ""VSAC""}",a39723f3-dc9c-48ce-90ff-06891c29114f,2022-04-22T22:01:10.082Z
1000000361,,275526006,SNOMEDCT,False,True,False,10970532-0d9a-4dd2-a029-be0defe3a41c,"{""when"": ""2022-04-22"", ""who"": ""Data Ingest & Harmonization (DIH)"", ""project"": ""N3C-enclave-import"", ""oids-source"": ""data/vsac-OIDs/Lisa6-VSAC-2022-04-21.csv"", ""generation-process"": ""oids from data/vsac-OIDs/Lisa6-VSAC-2022-04-21.csv => VSAC trad API => 3-file dir /Users/joeflack4/projects/ValueSet-Tools/vsac_wrangler/../data/palantir-three-file/vsac/2022.04.22/output"", ""valueset-source"": ""VSAC""}",a39723f3-dc9c-48ce-90ff-06891c29114f,2022-04-22T22:01:10.082Z
1000000361,,276219001,SNOMEDCT,False,True,False,fa59b968-ba42-4d3f-96f9-b230634be827,"{""when"": ""2022-04-22"", ""who"": ""Data Ingest & Harmonization (DIH)"", ""project"": ""N3C-enclave-import"", ""oids-source"": ""data/vsac-OIDs/Lisa6-VSAC-2022-04-21.csv"", ""generation-process"": ""oids from data/vsac-OIDs/Lisa6-VSAC-2022-04-21.csv => VSAC trad API => 3-file dir /Users/joeflack4/projects/ValueSet-Tools/vsac_wrangler/../data/palantir-three-file/vsac/2022.04.22/output"", ""valueset-source"": ""VSAC""}",a39723f3-dc9c-48ce-90ff-06891c29114f,2022-04-22T22:01:10.082Z
1000000361,,281240008,SNOMEDCT,False,True,False,dbc5d6fc-d14e-4e83-b667-8146638282d1,"{""when"": ""2022-04-22"", ""who"": ""Data Ingest & Harmonization (DIH)"", ""project"": ""N3C-enclave-import"", ""oids-source"": ""data/vsac-OIDs/Lisa6-VSAC-2022-04-21.csv"", ""generation-process"": ""oids from data/vsac-OIDs/Lisa6-VSAC-2022-04-21.csv => VSAC trad API => 3-file dir /Users/joeflack4/projects/ValueSet-Tools/vsac_wrangler/../data/palantir-three-file/vsac/2022.04.22/output"", ""valueset-source"": ""VSAC""}",a39723f3-dc9c-48ce-90ff-06891c29114f,2022-04-22T22:01:10.082Z
1000000361,,29941000119105,SNOMEDCT,False,True,False,a354b5f4-c903-4b7c-a0dc-578f77394771,"{""when"": ""2022-04-22"", ""who"": ""Data Ingest & Harmonization (DIH)"", ""project"": ""N3C-enclave-import"", ""oids-source"": ""data/vsac-OIDs/Lisa6-VSAC-2022-04-21.csv"", ""generation-process"": ""oids from data/vsac-OIDs/Lisa6-VSAC-2022-04-21.csv => VSAC trad API => 3-file dir /Users/joeflack4/projects/ValueSet-Tools/vsac_wrangler/../data/palantir-three-file/vsac/2022.04.22/output"", ""valueset-source"": ""VSAC""}",a39723f3-dc9c-48ce-90ff-06891c29114f,2022-04-22T22:01:10.082Z
1000000361,,302909007,SNOMEDCT,False,True,False,ba05607b-914f-4385-8bc5-0f906c03aa43,"{""when"": ""2022-04-22"", ""who"": ""Data Ingest & Harmonization (DIH)"", ""project"": ""N3C-enclave-import"", ""oids-source"": ""data/vsac-OIDs/Lisa6-VSAC-2022-04-21.csv"", ""generation-process"": ""oids from data/vsac-OIDs/Lisa6-VSAC-2022-04-21.csv => VSAC trad API => 3-file dir /Users/joeflack4/projects/ValueSet-Tools/vsac_wrangler/../data/palantir-three-file/vsac/2022.04.22/output"", ""valueset-source"": ""VSAC""}",a39723f3-dc9c-48ce-90ff-06891c29114f,2022-04-22T22:01:10.082Z
1000000361,,307766002,SNOMEDCT,False,True,False,27d255e0-6606-417c-a964-280619f7cfb6,"{""when"": ""2022-04-22"", ""who"": ""Data Ingest & Harmonization (DIH)"", ""project"": ""N3C-enclave-import"", ""oids-source"": ""data/vsac-OIDs/Lisa6-VSAC-2022-04-21.csv"", ""generation-process"": ""oids from data/vsac-OIDs/Lisa6-VSAC-2022-04-21.csv => VSAC trad API => 3-file dir /Users/joeflack4/projects/ValueSet-Tools/vsac_wrangler/../data/palantir-three-file/vsac/2022.04.22/output"", ""valueset-source"": ""VSAC""}",a39723f3-dc9c-48ce-90ff-06891c29114f,2022-04-22T22:01:10.082Z
1000000361,,307767006,SNOMEDCT,False,True,False,aad0b859-e5d3-48da-9ae3-e32f5e022ab9,"{""when"": ""2022-04-22"", ""who"": ""Data Ingest & Harmonization (DIH)"", ""project"": ""N3C-enclave-import"", ""oids-source"": ""data/vsac-OIDs/Lisa6-VSAC-2022-04-21.csv"", ""generation-process"": ""oids from data/vsac-OIDs/Lisa6-VSAC-2022-04-21.csv => VSAC trad API => 3-file dir /Users/joeflack4/projects/ValueSet-Tools/vsac_wrangler/../data/palantir-three-file/vsac/2022.04.22/output"", ""valueset-source"": ""VSAC""}",a39723f3-dc9c-48ce-90ff-06891c29114f,2022-04-22T22:01:10.083Z
1000000361,,33301000119105,SNOMEDCT,False,True,False,2e05d612-53fe-4447-980b-0f9b9310efcd,"{""when"": ""2022-04-22"", ""who"": ""Data Ingest & Harmonization (DIH)"", ""project"": ""N3C-enclave-import"", ""oids-source"": ""data/vsac-OIDs/Lisa6-VSAC-2022-04-21.csv"", ""generation-process"": ""oids from data/vsac-OIDs/Lisa6-VSAC-2022-04-21.csv => VSAC trad API => 3-file dir /Users/joeflack4/projects/ValueSet-Tools/vsac_wrangler/../data/palantir-three-file/vsac/2022.04.22/output"", ""valueset-source"": ""VSAC""}",a39723f3-dc9c-48ce-90ff-06891c29114f,2022-04-22T22:01:10.083Z
1000000361,,33331000119103,SNOMEDCT,False,True,False,1e76059c-1708-4f83-89f7-bccb0d4197d8,"{""when"": ""2022-04-22"", ""who"": ""Data Ingest & Harmonization (DIH)"", ""project"": ""N3C-enclave-import"", ""oids-source"": ""data/vsac-OIDs/Lisa6-VSAC-2022-04-21.csv"", ""generation-process"": ""oids from data/vsac-OIDs/Lisa6-VSAC-2022-04-21.csv => VSAC trad API => 3-file dir /Users/joeflack4/projects/ValueSet-Tools/vsac_wrangler/../data/palantir-three-file/vsac/2022.04.22/output"", ""valueset-source"": ""VSAC""}",a39723f3-dc9c-48ce-90ff-06891c29114f,2022-04-22T22:01:10.083Z
1000000361,,34191000119104,SNOMEDCT,False,True,False,e642a759-55a1-43ed-b814-5a3596acd518,"{""when"": ""2022-04-22"", ""who"": ""Data Ingest & Harmonization (DIH)"", ""project"": ""N3C-enclave-import"", ""oids-source"": ""data/vsac-OIDs/Lisa6-VSAC-2022-04-21.csv"", ""generation-process"": ""oids from data/vsac-OIDs/Lisa6-VSAC-2022-04-21.csv => VSAC trad API => 3-file dir /Users/joeflack4/projects/ValueSet-Tools/vsac_wrangler/../data/palantir-three-file/vsac/2022.04.22/output"", ""valueset-source"": ""VSAC""}",a39723f3-dc9c-48ce-90ff-06891c29114f,2022-04-22T22:01:10.083Z
1000000361,,361000119103,SNOMEDCT,False,True,False,0d7e365c-cff1-4778-adfc-3c4b35c6ff10,"{""when"": ""2022-04-22"", ""who"": ""Data Ingest & Harmonization (DIH)"", ""project"": ""N3C-enclave-import"", ""oids-source"": ""data/vsac-OIDs/Lisa6-VSAC-2022-04-21.csv"", ""generation-process"": ""oids from data/vsac-OIDs/Lisa6-VSAC-2022-04-21.csv => VSAC trad API => 3-file dir /Users/joeflack4/projects/ValueSet-Tools/vsac_wrangler/../data/palantir-three-file/vsac/2022.04.22/output"", ""valueset-source"": ""VSAC""}",a39723f3-dc9c-48ce-90ff-06891c29114f,2022-04-22T22:01:10.083Z
1000000361,,371040005,SNOMEDCT,False,True,False,6b736f2f-6eb4-4309-9501-3efc01d50938,"{""when"": ""2022-04-22"", ""who"": ""Data Ingest & Harmonization (DIH)"", ""project"": ""N3C-enclave-import"", ""oids-source"": ""data/vsac-OIDs/Lisa6-VSAC-2022-04-21.csv"", ""generation-process"": ""oids from data/vsac-OIDs/Lisa6-VSAC-2022-04-21.csv => VSAC trad API => 3-file dir /Users/joeflack4/projects/ValueSet-Tools/vsac_wrangler/../data/palantir-three-file/vsac/2022.04.22/output"", ""valueset-source"": ""VSAC""}",a39723f3-dc9c-48ce-90ff-06891c29114f,2022-04-22T22:01:10.083Z
1000000361,,371041009,SNOMEDCT,False,True,False,52b365d3-ed76-4281-88cd-2e3aad4166a4,"{""when"": ""2022-04-22"", ""who"": ""Data Ingest & Harmonization (DIH)"", ""project"": ""N3C-enclave-import"", ""oids-source"": ""data/vsac-OIDs/Lisa6-VSAC-2022-04-21.csv"", ""generation-process"": ""oids from data/vsac-OIDs/Lisa6-VSAC-2022-04-21.csv => VSAC trad API => 3-file dir /Users/joeflack4/projects/ValueSet-Tools/vsac_wrangler/../data/palantir-three-file/vsac/2022.04.22/output"", ""valueset-source"": ""VSAC""}",a39723f3-dc9c-48ce-90ff-06891c29114f,2022-04-22T22:01:10.083Z
1000000361,,373606000,SNOMEDCT,False,True,False,623d24e9-9c1c-426c-a193-b037d35bbc34,"{""when"": ""2022-04-22"", ""who"": ""Data Ingest & Harmonization (DIH)"", ""project"": ""N3C-enclave-import"", ""oids-source"": ""data/vsac-OIDs/Lisa6-VSAC-2022-04-21.csv"", ""generation-process"": ""oids from data/vsac-OIDs/Lisa6-VSAC-2022-04-21.csv => VSAC trad API => 3-file dir /Users/joeflack4/projects/ValueSet-Tools/vsac_wrangler/../data/palantir-three-file/vsac/2022.04.22/output"", ""valueset-source"": ""VSAC""}",a39723f3-dc9c-48ce-90ff-06891c29114f,2022-04-22T22:01:10.083Z
1000000361,,390936003,SNOMEDCT,False,True,False,ef6e6388-34c8-463a-accb-a2a9ee10fb23,"{""when"": ""2022-04-22"", ""who"": ""Data Ingest & Harmonization (DIH)"", ""project"": ""N3C-enclave-import"", ""oids-source"": ""data/vsac-OIDs/Lisa6-VSAC-2022-04-21.csv"", ""generation-process"": ""oids from data/vsac-OIDs/Lisa6-VSAC-2022-04-21.csv => VSAC trad API => 3-file dir /Users/joeflack4/projects/ValueSet-Tools/vsac_wrangler/../data/palantir-three-file/vsac/2022.04.22/output"", ""valueset-source"": ""VSAC""}",a39723f3-dc9c-48ce-90ff-06891c29114f,2022-04-22T22:01:10.083Z
1000000361,,40161000119102,SNOMEDCT,False,True,False,601e382f-178c-4309-bc18-de9f8314c440,"{""when"": ""2022-04-22"", ""who"": ""Data Ingest & Harmonization (DIH)"", ""project"": ""N3C-enclave-import"", ""oids-source"": ""data/vsac-OIDs/Lisa6-VSAC-2022-04-21.csv"", ""generation-process"": ""oids from data/vsac-OIDs/Lisa6-VSAC-2022-04-21.csv => VSAC trad API => 3-file dir /Users/joeflack4/projects/ValueSet-Tools/vsac_wrangler/../data/palantir-three-file/vsac/2022.04.22/output"", ""valueset-source"": ""VSAC""}",a39723f3-dc9c-48ce-90ff-06891c29114f,2022-04-22T22:01:10.083Z
1000000361,,413102000,SNOMEDCT,False,True,False,466bfbf2-c0f6-4ff9-b25e-9fa5a626ad56,"{""when"": ""2022-04-22"", ""who"": ""Data Ingest & Harmonization (DIH)"", ""project"": ""N3C-enclave-import"", ""oids-source"": ""data/vsac-OIDs/Lisa6-VSAC-2022-04-21.csv"", ""generation-process"": ""oids from data/vsac-OIDs/Lisa6-VSAC-2022-04-21.csv => VSAC trad API => 3-file dir /Users/joeflack4/projects/ValueSet-Tools/vsac_wrangler/../data/palantir-three-file/vsac/2022.04.22/output"", ""valueset-source"": ""VSAC""}",a39723f3-dc9c-48ce-90ff-06891c29114f,2022-04-22T22:01:10.083Z
1000000361,,413758000,SNOMEDCT,False,True,False,9b5a9c94-ccd9-47d6-b0c4-0c298aafe4b5,"{""when"": ""2022-04-22"", ""who"": ""Data Ingest & Harmonization (DIH)"", ""project"": ""N3C-enclave-import"", ""oids-source"": ""data/vsac-OIDs/Lisa6-VSAC-2022-04-21.csv"", ""generation-process"": ""oids from data/vsac-OIDs/Lisa6-VSAC-2022-04-21.csv => VSAC trad API => 3-file dir /Users/joeflack4/projects/ValueSet-Tools/vsac_wrangler/../data/palantir-three-file/vsac/2022.04.22/output"", ""valueset-source"": ""VSAC""}",a39723f3-dc9c-48ce-90ff-06891c29114f,2022-04-22T22:01:10.083Z
1000000361,,422504002,SNOMEDCT,False,True,False,e657d9be-ab0f-4f5f-9058-02c19e8368de,"{""when"": ""2022-04-22"", ""who"": ""Data Ingest & Harmonization (DIH)"", ""project"": ""N3C-enclave-import"", ""oids-source"": ""data/vsac-OIDs/Lisa6-VSAC-2022-04-21.csv"", ""generation-process"": ""oids from data/vsac-OIDs/Lisa6-VSAC-2022-04-21.csv => VSAC trad API => 3-file dir /Users/joeflack4/projects/ValueSet-Tools/vsac_wrangler/../data/palantir-three-file/vsac/2022.04.22/output"", ""valueset-source"": ""VSAC""}",a39723f3-dc9c-48ce-90ff-06891c29114f,2022-04-22T22:01:10.083Z
1000000361,,425642008,SNOMEDCT,False,True,False,e207fb36-6121-4f67-af76-54528a19be10,"{""when"": ""2022-04-22"", ""who"": ""Data Ingest & Harmonization (DIH)"", ""project"": ""N3C-enclave-import"", ""oids-source"": ""data/vsac-OIDs/Lisa6-VSAC-2022-04-21.csv"", ""generation-process"": ""oids from data/vsac-OIDs/Lisa6-VSAC-2022-04-21.csv => VSAC trad API => 3-file dir /Users/joeflack4/projects/ValueSet-Tools/vsac_wrangler/../data/palantir-three-file/vsac/2022.04.22/output"", ""valueset-source"": ""VSAC""}",a39723f3-dc9c-48ce-90ff-06891c29114f,2022-04-22T22:01:10.083Z
1000000361,,425882004,SNOMEDCT,False,True,False,a5a33795-1ae2-4d48-b69a-da6623a9c639,"{""when"": ""2022-04-22"", ""who"": ""Data Ingest & Harmonization (DIH)"", ""project"": ""N3C-enclave-import"", ""oids-source"": ""data/vsac-OIDs/Lisa6-VSAC-2022-04-21.csv"", ""generation-process"": ""oids from data/vsac-OIDs/Lisa6-VSAC-2022-04-21.csv => VSAC trad API => 3-file dir /Users/joeflack4/projects/ValueSet-Tools/vsac_wrangler/../data/palantir-three-file/vsac/2022.04.22/output"", ""valueset-source"": ""VSAC""}",a39723f3-dc9c-48ce-90ff-06891c29114f,2022-04-22T22:01:10.083Z
1000000361,,426033005,SNOMEDCT,False,True,False,3d3d495f-d779-40a3-a465-801e233d3475,"{""when"": ""2022-04-22"", ""who"": ""Data Ingest & Harmonization (DIH)"", ""project"": ""N3C-enclave-import"", ""oids-source"": ""data/vsac-OIDs/Lisa6-VSAC-2022-04-21.csv"", ""generation-process"": ""oids from data/vsac-OIDs/Lisa6-VSAC-2022-04-21.csv => VSAC trad API => 3-file dir /Users/joeflack4/projects/ValueSet-Tools/vsac_wrangler/../data/palantir-three-file/vsac/2022.04.22/output"", ""valueset-source"": ""VSAC""}",a39723f3-dc9c-48ce-90ff-06891c29114f,2022-04-22T22:01:10.083Z
1000000361,,426788002,SNOMEDCT,False,True,False,6e12a575-8581-4b28-ae25-8279bb742cbc,"{""when"": ""2022-04-22"", ""who"": ""Data Ingest & Harmonization (DIH)"", ""project"": ""N3C-enclave-import"", ""oids-source"": ""data/vsac-OIDs/Lisa6-VSAC-2022-04-21.csv"", ""generation-process"": ""oids from data/vsac-OIDs/Lisa6-VSAC-2022-04-21.csv => VSAC trad API => 3-file dir /Users/joeflack4/projects/ValueSet-Tools/vsac_wrangler/../data/palantir-three-file/vsac/2022.04.22/output"", ""valueset-source"": ""VSAC""}",a39723f3-dc9c-48ce-90ff-06891c29114f,2022-04-22T22:01:10.083Z
1000000361,,426983002,SNOMEDCT,False,True,False,0f46fcda-f253-48f2-a763-4e9d7e9bd7e1,"{""when"": ""2022-04-22"", ""who"": ""Data Ingest & Harmonization (DIH)"", ""project"": ""N3C-enclave-import"", ""oids-source"": ""data/vsac-OIDs/Lisa6-VSAC-2022-04-21.csv"", ""generation-process"": ""oids from data/vsac-OIDs/Lisa6-VSAC-2022-04-21.csv => VSAC trad API => 3-file dir /Users/joeflack4/projects/ValueSet-Tools/vsac_wrangler/../data/palantir-three-file/vsac/2022.04.22/output"", ""valueset-source"": ""VSAC""}",a39723f3-dc9c-48ce-90ff-06891c29114f,2022-04-22T22:01:10.083Z
1000000361,,427065003,SNOMEDCT,False,True,False,db463de5-d57f-4431-8ce9-41383e9f383d,"{""when"": ""2022-04-22"", ""who"": ""Data Ingest & Harmonization (DIH)"", ""project"": ""N3C-enclave-import"", ""oids-source"": ""data/vsac-OIDs/Lisa6-VSAC-2022-04-21.csv"", ""generation-process"": ""oids from data/vsac-OIDs/Lisa6-VSAC-2022-04-21.csv => VSAC trad API => 3-file dir /Users/joeflack4/projects/ValueSet-Tools/vsac_wrangler/../data/palantir-three-file/vsac/2022.04.22/output"", ""valueset-source"": ""VSAC""}",a39723f3-dc9c-48ce-90ff-06891c29114f,2022-04-22T22:01:10.083Z
1000000361,,427296003,SNOMEDCT,False,True,False,3afb08b7-4d65-499a-a086-5409bcc8f808,"{""when"": ""2022-04-22"", ""who"": ""Data Ingest & Harmonization (DIH)"", ""project"": ""N3C-enclave-import"", ""oids-source"": ""data/vsac-OIDs/Lisa6-VSAC-2022-04-21.csv"", ""generation-process"": ""oids from data/vsac-OIDs/Lisa6-VSAC-2022-04-21.csv => VSAC trad API => 3-file dir /Users/joeflack4/projects/ValueSet-Tools/vsac_wrangler/../data/palantir-three-file/vsac/2022.04.22/output"", ""valueset-source"": ""VSAC""}",a39723f3-dc9c-48ce-90ff-06891c29114f,2022-04-22T22:01:10.084Z
1000000361,,427432001,SNOMEDCT,False,True,False,551f11f1-f87d-4f79-bca6-ef2446b7b559,"{""when"": ""2022-04-22"", ""who"": ""Data Ingest & Harmonization (DIH)"", ""project"": ""N3C-enclave-import"", ""oids-source"": ""data/vsac-OIDs/Lisa6-VSAC-2022-04-21.csv"", ""generation-process"": ""oids from data/vsac-OIDs/Lisa6-VSAC-2022-04-21.csv => VSAC trad API => 3-file dir /Users/joeflack4/projects/ValueSet-Tools/vsac_wrangler/../data/palantir-three-file/vsac/2022.04.22/output"", ""valueset-source"": ""VSAC""}",a39723f3-dc9c-48ce-90ff-06891c29114f,2022-04-22T22:01:10.084Z
1000000361,,428668000,SNOMEDCT,False,True,False,ee8d1a0f-1f68-49dc-b7be-4d65fa455e82,"{""when"": ""2022-04-22"", ""who"": ""Data Ingest & Harmonization (DIH)"", ""project"": ""N3C-enclave-import"", ""oids-source"": ""data/vsac-OIDs/Lisa6-VSAC-2022-04-21.csv"", ""generation-process"": ""oids from data/vsac-OIDs/Lisa6-VSAC-2022-04-21.csv => VSAC trad API => 3-file dir /Users/joeflack4/projects/ValueSet-Tools/vsac_wrangler/../data/palantir-three-file/vsac/2022.04.22/output"", ""valueset-source"": ""VSAC""}",a39723f3-dc9c-48ce-90ff-06891c29114f,2022-04-22T22:01:10.084Z
1000000361,,430947007,SNOMEDCT,False,True,False,35a83537-9bd9-4cf2-9cf1-d067b4522862,"{""when"": ""2022-04-22"", ""who"": ""Data Ingest & Harmonization (DIH)"", ""project"": ""N3C-enclave-import"", ""oids-source"": ""data/vsac-OIDs/Lisa6-VSAC-2022-04-21.csv"", ""generation-process"": ""oids from data/vsac-OIDs/Lisa6-VSAC-2022-04-21.csv => VSAC trad API => 3-file dir /Users/joeflack4/projects/ValueSet-Tools/vsac_wrangler/../data/palantir-three-file/vsac/2022.04.22/output"", ""valueset-source"": ""VSAC""}",a39723f3-dc9c-48ce-90ff-06891c29114f,2022-04-22T22:01:10.084Z
1000000361,,430959006,SNOMEDCT,False,True,False,55555609-29c3-4e68-9b5e-9f4d429ce411,"{""when"": ""2022-04-22"", ""who"": ""Data Ingest & Harmonization (DIH)"", ""project"": ""N3C-enclave-import"", ""oids-source"": ""data/vsac-OIDs/Lisa6-VSAC-2022-04-21.csv"", ""generation-process"": ""oids from data/vsac-OIDs/Lisa6-VSAC-2022-04-21.csv => VSAC trad API => 3-file dir /Users/joeflack4/projects/ValueSet-Tools/vsac_wrangler/../data/palantir-three-file/vsac/2022.04.22/output"", ""valueset-source"": ""VSAC""}",a39723f3-dc9c-48ce-90ff-06891c29114f,2022-04-22T22:01:10.084Z
1000000361,,432504007,SNOMEDCT,False,True,False,45e74266-3692-4de3-9c28-4d1ac17d2d18,"{""when"": ""2022-04-22"", ""who"": ""Data Ingest & Harmonization (DIH)"", ""project"": ""N3C-enclave-import"", ""oids-source"": ""data/vsac-OIDs/Lisa6-VSAC-2022-04-21.csv"", ""generation-process"": ""oids from data/vsac-OIDs/Lisa6-VSAC-2022-04-21.csv => VSAC trad API => 3-file dir /Users/joeflack4/projects/ValueSet-Tools/vsac_wrangler/../data/palantir-three-file/vsac/2022.04.22/output"", ""valueset-source"": ""VSAC""}",a39723f3-dc9c-48ce-90ff-06891c29114f,2022-04-22T22:01:10.084Z
1000000361,,433183000,SNOMEDCT,False,True,False,a030db58-3670-495f-9d0f-bc2a51b0d162,"{""when"": ""2022-04-22"", ""who"": ""Data Ingest & Harmonization (DIH)"", ""project"": ""N3C-enclave-import"", ""oids-source"": ""data/vsac-OIDs/Lisa6-VSAC-2022-04-21.csv"", ""generation-process"": ""oids from data/vsac-OIDs/Lisa6-VSAC-2022-04-21.csv => VSAC trad API => 3-file dir /Users/joeflack4/projects/ValueSet-Tools/vsac_wrangler/../data/palantir-three-file/vsac/2022.04.22/output"", ""valueset-source"": ""VSAC""}",a39723f3-dc9c-48ce-90ff-06891c29114f,2022-04-22T22:01:10.084Z
1000000361,,433891000124100,SNOMEDCT,False,True,False,80b3e26c-66e5-46a9-8c61-21110ae6c058,"{""when"": ""2022-04-22"", ""who"": ""Data Ingest & Harmonization (DIH)"", ""project"": ""N3C-enclave-import"", ""oids-source"": ""data/vsac-OIDs/Lisa6-VSAC-2022-04-21.csv"", ""generation-process"": ""oids from data/vsac-OIDs/Lisa6-VSAC-2022-04-21.csv => VSAC trad API => 3-file dir /Users/joeflack4/projects/ValueSet-Tools/vsac_wrangler/../data/palantir-three-file/vsac/2022.04.22/output"", ""valueset-source"": ""VSAC""}",a39723f3-dc9c-48ce-90ff-06891c29114f,2022-04-22T22:01:10.084Z
1000000361,,433911000124103,SNOMEDCT,False,True,False,f3b474a3-8592-4f59-a454-bb308bfed9c3,"{""when"": ""2022-04-22"", ""who"": ""Data Ingest & Harmonization (DIH)"", ""project"": ""N3C-enclave-import"", ""oids-source"": ""data/vsac-OIDs/Lisa6-VSAC-2022-04-21.csv"", ""generation-process"": ""oids from data/vsac-OIDs/Lisa6-VSAC-2022-04-21.csv => VSAC trad API => 3-file dir /Users/joeflack4/projects/ValueSet-Tools/vsac_wrangler/../data/palantir-three-file/vsac/2022.04.22/output"", ""valueset-source"": ""VSAC""}",a39723f3-dc9c-48ce-90ff-06891c29114f,2022-04-22T22:01:10.084Z
1000000361,,433931000124109,SNOMEDCT,False,True,False,919228af-9960-4a09-89f4-88e670f0b4f8,"{""when"": ""2022-04-22"", ""who"": ""Data Ingest & Harmonization (DIH)"", ""project"": ""N3C-enclave-import"", ""oids-source"": ""data/vsac-OIDs/Lisa6-VSAC-2022-04-21.csv"", ""generation-process"": ""oids from data/vsac-OIDs/Lisa6-VSAC-2022-04-21.csv => VSAC trad API => 3-file dir /Users/joeflack4/projects/ValueSet-Tools/vsac_wrangler/../data/palantir-three-file/vsac/2022.04.22/output"", ""valueset-source"": ""VSAC""}",a39723f3-dc9c-48ce-90ff-06891c29114f,2022-04-22T22:01:10.084Z
1000000361,,433941000124104,SNOMEDCT,False,True,False,3a6164bb-462b-49a7-915d-ed380d6d8950,"{""when"": ""2022-04-22"", ""who"": ""Data Ingest & Harmonization (DIH)"", ""project"": ""N3C-enclave-import"", ""oids-source"": ""data/vsac-OIDs/Lisa6-VSAC-2022-04-21.csv"", ""generation-process"": ""oids from data/vsac-OIDs/Lisa6-VSAC-2022-04-21.csv => VSAC trad API => 3-file dir /Users/joeflack4/projects/ValueSet-Tools/vsac_wrangler/../data/palantir-three-file/vsac/2022.04.22/output"", ""valueset-source"": ""VSAC""}",a39723f3-dc9c-48ce-90ff-06891c29114f,2022-04-22T22:01:10.084Z
1000000361,,433951000124102,SNOMEDCT,False,True,False,fd035cf9-a74c-42de-bfa4-ef7420718d0f,"{""when"": ""2022-04-22"", ""who"": ""Data Ingest & Harmonization (DIH)"", ""project"": ""N3C-enclave-import"", ""oids-source"": ""data/vsac-OIDs/Lisa6-VSAC-2022-04-21.csv"", ""generation-process"": ""oids from data/vsac-OIDs/Lisa6-VSAC-2022-04-21.csv => VSAC trad API => 3-file dir /Users/joeflack4/projects/ValueSet-Tools/vsac_wrangler/../data/palantir-three-file/vsac/2022.04.22/output"", ""valueset-source"": ""VSAC""}",a39723f3-dc9c-48ce-90ff-06891c29114f,2022-04-22T22:01:10.084Z
1000000361,,433961000124100,SNOMEDCT,False,True,False,f428b568-2b4a-4979-8238-0153ec861d8a,"{""when"": ""2022-04-22"", ""who"": ""Data Ingest & Harmonization (DIH)"", ""project"": ""N3C-enclave-import"", ""oids-source"": ""data/vsac-OIDs/Lisa6-VSAC-2022-04-21.csv"", ""generation-process"": ""oids from data/vsac-OIDs/Lisa6-VSAC-2022-04-21.csv => VSAC trad API => 3-file dir /Users/joeflack4/projects/ValueSet-Tools/vsac_wrangler/../data/palantir-three-file/vsac/2022.04.22/output"", ""valueset-source"": ""VSAC""}",a39723f3-dc9c-48ce-90ff-06891c29114f,2022-04-22T22:01:10.084Z
1000000361,,433971000124107,SNOMEDCT,False,True,False,9f78c2a6-20a3-4f44-964d-0a4069d0616c,"{""when"": ""2022-04-22"", ""who"": ""Data Ingest & Harmonization (DIH)"", ""project"": ""N3C-enclave-import"", ""oids-source"": ""data/vsac-OIDs/Lisa6-VSAC-2022-04-21.csv"", ""generation-process"": ""oids from data/vsac-OIDs/Lisa6-VSAC-2022-04-21.csv => VSAC trad API => 3-file dir /Users/joeflack4/projects/ValueSet-Tools/vsac_wrangler/../data/palantir-three-file/vsac/2022.04.22/output"", ""valueset-source"": ""VSAC""}",a39723f3-dc9c-48ce-90ff-06891c29114f,2022-04-22T22:01:10.084Z
1000000361,,434141000124103,SNOMEDCT,False,True,False,a3f65504-b882-42d6-b083-d792939ea63c,"{""when"": ""2022-04-22"", ""who"": ""Data Ingest & Harmonization (DIH)"", ""project"": ""N3C-enclave-import"", ""oids-source"": ""data/vsac-OIDs/Lisa6-VSAC-2022-04-21.csv"", ""generation-process"": ""oids from data/vsac-OIDs/Lisa6-VSAC-2022-04-21.csv => VSAC trad API => 3-file dir /Users/joeflack4/projects/ValueSet-Tools/vsac_wrangler/../data/palantir-three-file/vsac/2022.04.22/output"", ""valueset-source"": ""VSAC""}",a39723f3-dc9c-48ce-90ff-06891c29114f,2022-04-22T22:01:10.084Z
1000000361,,434151000124101,SNOMEDCT,False,True,False,9297641c-ea7a-4437-8ed5-3db6cd4c9116,"{""when"": ""2022-04-22"", ""who"": ""Data Ingest & Harmonization (DIH)"", ""project"": ""N3C-enclave-import"", ""oids-source"": ""data/vsac-OIDs/Lisa6-VSAC-2022-04-21.csv"", ""generation-process"": ""oids from data/vsac-OIDs/Lisa6-VSAC-2022-04-21.csv => VSAC trad API => 3-file dir /Users/joeflack4/projects/ValueSet-Tools/vsac_wrangler/../data/palantir-three-file/vsac/2022.04.22/output"", ""valueset-source"": ""VSAC""}",a39723f3-dc9c-48ce-90ff-06891c29114f,2022-04-22T22:01:10.084Z
1000000361,,434961000124102,SNOMEDCT,False,True,False,969a482b-3198-4c3c-8b71-52ca69e759af,"{""when"": ""2022-04-22"", ""who"": ""Data Ingest & Harmonization (DIH)"", ""project"": ""N3C-enclave-import"", ""oids-source"": ""data/vsac-OIDs/Lisa6-VSAC-2022-04-21.csv"", ""generation-process"": ""oids from data/vsac-OIDs/Lisa6-VSAC-2022-04-21.csv => VSAC trad API => 3-file dir /Users/joeflack4/projects/ValueSet-Tools/vsac_wrangler/../data/palantir-three-file/vsac/2022.04.22/output"", ""valueset-source"": ""VSAC""}",a39723f3-dc9c-48ce-90ff-06891c29114f,2022-04-22T22:01:10.084Z
1000000361,,434991000124105,SNOMEDCT,False,True,False,0f2162fa-d717-481d-b3ea-a674f585b7dc,"{""when"": ""2022-04-22"", ""who"": ""Data Ingest & Harmonization (DIH)"", ""project"": ""N3C-enclave-import"", ""oids-source"": ""data/vsac-OIDs/Lisa6-VSAC-2022-04-21.csv"", ""generation-process"": ""oids from data/vsac-OIDs/Lisa6-VSAC-2022-04-21.csv => VSAC trad API => 3-file dir /Users/joeflack4/projects/ValueSet-Tools/vsac_wrangler/../data/palantir-three-file/vsac/2022.04.22/output"", ""valueset-source"": ""VSAC""}",a39723f3-dc9c-48ce-90ff-06891c29114f,2022-04-22T22:01:10.084Z
1000000361,,441526008,SNOMEDCT,False,True,False,520872f1-1eca-43d3-825a-224808eaae06,"{""when"": ""2022-04-22"", ""who"": ""Data Ingest & Harmonization (DIH)"", ""project"": ""N3C-enclave-import"", ""oids-source"": ""data/vsac-OIDs/Lisa6-VSAC-2022-04-21.csv"", ""generation-process"": ""oids from data/vsac-OIDs/Lisa6-VSAC-2022-04-21.csv => VSAC trad API => 3-file dir /Users/joeflack4/projects/ValueSet-Tools/vsac_wrangler/../data/palantir-three-file/vsac/2022.04.22/output"", ""valueset-source"": ""VSAC""}",a39723f3-dc9c-48ce-90ff-06891c29114f,2022-04-22T22:01:10.085Z
1000000361,,441529001,SNOMEDCT,False,True,False,9f018419-8728-48ab-b7f5-970ee8dcfd17,"{""when"": ""2022-04-22"", ""who"": ""Data Ingest & Harmonization (DIH)"", ""project"": ""N3C-enclave-import"", ""oids-source"": ""data/vsac-OIDs/Lisa6-VSAC-2022-04-21.csv"", ""generation-process"": ""oids from data/vsac-OIDs/Lisa6-VSAC-2022-04-21.csv => VSAC trad API => 3-file dir /Users/joeflack4/projects/ValueSet-Tools/vsac_wrangler/../data/palantir-three-file/vsac/2022.04.22/output"", ""valueset-source"": ""VSAC""}",a39723f3-dc9c-48ce-90ff-06891c29114f,2022-04-22T22:01:10.085Z
1000000361,,441630004,SNOMEDCT,False,True,False,813f0171-c850-4358-a824-c80d3b183422,"{""when"": ""2022-04-22"", ""who"": ""Data Ingest & Harmonization (DIH)"", ""project"": ""N3C-enclave-import"", ""oids-source"": ""data/vsac-OIDs/Lisa6-VSAC-2022-04-21.csv"", ""generation-process"": ""oids from data/vsac-OIDs/Lisa6-VSAC-2022-04-21.csv => VSAC trad API => 3-file dir /Users/joeflack4/projects/ValueSet-Tools/vsac_wrangler/../data/palantir-three-file/vsac/2022.04.22/output"", ""valueset-source"": ""VSAC""}",a39723f3-dc9c-48ce-90ff-06891c29114f,2022-04-22T22:01:10.085Z
1000000361,,441735003,SNOMEDCT,False,True,False,167244b7-b84e-4281-b361-58b7ff3aae09,"{""when"": ""2022-04-22"", ""who"": ""Data Ingest & Harmonization (DIH)"", ""project"": ""N3C-enclave-import"", ""oids-source"": ""data/vsac-OIDs/Lisa6-VSAC-2022-04-21.csv"", ""generation-process"": ""oids from data/vsac-OIDs/Lisa6-VSAC-2022-04-21.csv => VSAC trad API => 3-file dir /Users/joeflack4/projects/ValueSet-Tools/vsac_wrangler/../data/palantir-three-file/vsac/2022.04.22/output"", ""valueset-source"": ""VSAC""}",a39723f3-dc9c-48ce-90ff-06891c29114f,2022-04-22T22:01:10.085Z
1000000361,,441759008,SNOMEDCT,False,True,False,64ffc835-0d85-4f49-ba0b-8eca17601ff7,"{""when"": ""2022-04-22"", ""who"": ""Data Ingest & Harmonization (DIH)"", ""project"": ""N3C-enclave-import"", ""oids-source"": ""data/vsac-OIDs/Lisa6-VSAC-2022-04-21.csv"", ""generation-process"": ""oids from data/vsac-OIDs/Lisa6-VSAC-2022-04-21.csv => VSAC trad API => 3-file dir /Users/joeflack4/projects/ValueSet-Tools/vsac_wrangler/../data/palantir-three-file/vsac/2022.04.22/output"", ""valueset-source"": ""VSAC""}",a39723f3-dc9c-48ce-90ff-06891c29114f,2022-04-22T22:01:10.085Z
1000000361,,441887006,SNOMEDCT,False,True,False,fa9a5990-2d11-4f64-ae07-881cfd9d9696,"{""when"": ""2022-04-22"", ""who"": ""Data Ingest & Harmonization (DIH)"", ""project"": ""N3C-enclave-import"", ""oids-source"": ""data/vsac-OIDs/Lisa6-VSAC-2022-04-21.csv"", ""generation-process"": ""oids from data/vsac-OIDs/Lisa6-VSAC-2022-04-21.csv => VSAC trad API => 3-file dir /Users/joeflack4/projects/ValueSet-Tools/vsac_wrangler/../data/palantir-three-file/vsac/2022.04.22/output"", ""valueset-source"": ""VSAC""}",a39723f3-dc9c-48ce-90ff-06891c29114f,2022-04-22T22:01:10.085Z
1000000361,,441894009,SNOMEDCT,False,True,False,98634a8d-12a6-4283-9590-58adecaa24ea,"{""when"": ""2022-04-22"", ""who"": ""Data Ingest & Harmonization (DIH)"", ""project"": ""N3C-enclave-import"", ""oids-source"": ""data/vsac-OIDs/Lisa6-VSAC-2022-04-21.csv"", ""generation-process"": ""oids from data/vsac-OIDs/Lisa6-VSAC-2022-04-21.csv => VSAC trad API => 3-file dir /Users/joeflack4/projects/ValueSet-Tools/vsac_wrangler/../data/palantir-three-file/vsac/2022.04.22/output"", ""valueset-source"": ""VSAC""}",a39723f3-dc9c-48ce-90ff-06891c29114f,2022-04-22T22:01:10.085Z
1000000361,,441960006,SNOMEDCT,False,True,False,37b3aab7-c6de-44bf-be76-374ff23490af,"{""when"": ""2022-04-22"", ""who"": ""Data Ingest & Harmonization (DIH)"", ""project"": ""N3C-enclave-import"", ""oids-source"": ""data/vsac-OIDs/Lisa6-VSAC-2022-04-21.csv"", ""generation-process"": ""oids from data/vsac-OIDs/Lisa6-VSAC-2022-04-21.csv => VSAC trad API => 3-file dir /Users/joeflack4/projects/ValueSet-Tools/vsac_wrangler/../data/palantir-three-file/vsac/2022.04.22/output"", ""valueset-source"": ""VSAC""}",a39723f3-dc9c-48ce-90ff-06891c29114f,2022-04-22T22:01:10.085Z
1000000361,,441991000,SNOMEDCT,False,True,False,1da14c5f-179d-4f4b-8a2a-e3f0e709d0ce,"{""when"": ""2022-04-22"", ""who"": ""Data Ingest & Harmonization (DIH)"", ""project"": ""N3C-enclave-import"", ""oids-source"": ""data/vsac-OIDs/Lisa6-VSAC-2022-04-21.csv"", ""generation-process"": ""oids from data/vsac-OIDs/Lisa6-VSAC-2022-04-21.csv => VSAC trad API => 3-file dir /Users/joeflack4/projects/ValueSet-Tools/vsac_wrangler/../data/palantir-three-file/vsac/2022.04.22/output"", ""valueset-source"": ""VSAC""}",a39723f3-dc9c-48ce-90ff-06891c29114f,2022-04-22T22:01:10.085Z
1000000361,,442024001,SNOMEDCT,False,True,False,75aebfd0-762a-482f-9477-60ca98a87b2f,"{""when"": ""2022-04-22"", ""who"": ""Data Ingest & Harmonization (DIH)"", ""project"": ""N3C-enclave-import"", ""oids-source"": ""data/vsac-OIDs/Lisa6-VSAC-2022-04-21.csv"", ""generation-process"": ""oids from data/vsac-OIDs/Lisa6-VSAC-2022-04-21.csv => VSAC trad API => 3-file dir /Users/joeflack4/projects/ValueSet-Tools/vsac_wrangler/../data/palantir-three-file/vsac/2022.04.22/output"", ""valueset-source"": ""VSAC""}",a39723f3-dc9c-48ce-90ff-06891c29114f,2022-04-22T22:01:10.085Z
1000000361,,442097001,SNOMEDCT,False,True,False,feafb539-193d-408e-af17-742e9b7660a8,"{""when"": ""2022-04-22"", ""who"": ""Data Ingest & Harmonization (DIH)"", ""project"": ""N3C-enclave-import"", ""oids-source"": ""data/vsac-OIDs/Lisa6-VSAC-2022-04-21.csv"", ""generation-process"": ""oids from data/vsac-OIDs/Lisa6-VSAC-2022-04-21.csv => VSAC trad API => 3-file dir /Users/joeflack4/projects/ValueSet-Tools/vsac_wrangler/../data/palantir-three-file/vsac/2022.04.22/output"", ""valueset-source"": ""VSAC""}",a39723f3-dc9c-48ce-90ff-06891c29114f,2022-04-22T22:01:10.085Z
1000000361,,442181008,SNOMEDCT,False,True,False,9b215241-0a43-479c-b0be-a5d2b843d4e4,"{""when"": ""2022-04-22"", ""who"": ""Data Ingest & Harmonization (DIH)"", ""project"": ""N3C-enclave-import"", ""oids-source"": ""data/vsac-OIDs/Lisa6-VSAC-2022-04-21.csv"", ""generation-process"": ""oids from data/vsac-OIDs/Lisa6-VSAC-2022-04-21.csv => VSAC trad API => 3-file dir /Users/joeflack4/projects/ValueSet-Tools/vsac_wrangler/../data/palantir-three-file/vsac/2022.04.22/output"", ""valueset-source"": ""VSAC""}",a39723f3-dc9c-48ce-90ff-06891c29114f,2022-04-22T22:01:10.085Z
1000000361,,442212003,SNOMEDCT,False,True,False,7438aedf-4681-4353-952f-c903449531d2,"{""when"": ""2022-04-22"", ""who"": ""Data Ingest & Harmonization (DIH)"", ""project"": ""N3C-enclave-import"", ""oids-source"": ""data/vsac-OIDs/Lisa6-VSAC-2022-04-21.csv"", ""generation-process"": ""oids from data/vsac-OIDs/Lisa6-VSAC-2022-04-21.csv => VSAC trad API => 3-file dir /Users/joeflack4/projects/ValueSet-Tools/vsac_wrangler/../data/palantir-three-file/vsac/2022.04.22/output"", ""valueset-source"": ""VSAC""}",a39723f3-dc9c-48ce-90ff-06891c29114f,2022-04-22T22:01:10.085Z
1000000361,,442617003,SNOMEDCT,False,True,False,7362a776-325d-4902-9b42-d1da0c006f32,"{""when"": ""2022-04-22"", ""who"": ""Data Ingest & Harmonization (DIH)"", ""project"": ""N3C-enclave-import"", ""oids-source"": ""data/vsac-OIDs/Lisa6-VSAC-2022-04-21.csv"", ""generation-process"": ""oids from data/vsac-OIDs/Lisa6-VSAC-2022-04-21.csv => VSAC trad API => 3-file dir /Users/joeflack4/projects/ValueSet-Tools/vsac_wrangler/../data/palantir-three-file/vsac/2022.04.22/output"", ""valueset-source"": ""VSAC""}",a39723f3-dc9c-48ce-90ff-06891c29114f,2022-04-22T22:01:10.085Z
1000000361,,442668000,SNOMEDCT,False,True,False,29fe0a88-6e8c-44aa-9261-639411279d81,"{""when"": ""2022-04-22"", ""who"": ""Data Ingest & Harmonization (DIH)"", ""project"": ""N3C-enclave-import"", ""oids-source"": ""data/vsac-OIDs/Lisa6-VSAC-2022-04-21.csv"", ""generation-process"": ""oids from data/vsac-OIDs/Lisa6-VSAC-2022-04-21.csv => VSAC trad API => 3-file dir /Users/joeflack4/projects/ValueSet-Tools/vsac_wrangler/../data/palantir-three-file/vsac/2022.04.22/output"", ""valueset-source"": ""VSAC""}",a39723f3-dc9c-48ce-90ff-06891c29114f,2022-04-22T22:01:10.085Z
1000000361,,442676003,SNOMEDCT,False,True,False,84404180-dd5a-4630-bc10-bde41cbfd16b,"{""when"": ""2022-04-22"", ""who"": ""Data Ingest & Harmonization (DIH)"", ""project"": ""N3C-enclave-import"", ""oids-source"": ""data/vsac-OIDs/Lisa6-VSAC-2022-04-21.csv"", ""generation-process"": ""oids from data/vsac-OIDs/Lisa6-VSAC-2022-04-21.csv => VSAC trad API => 3-file dir /Users/joeflack4/projects/ValueSet-Tools/vsac_wrangler/../data/palantir-three-file/vsac/2022.04.22/output"", ""valueset-source"": ""VSAC""}",a39723f3-dc9c-48ce-90ff-06891c29114f,2022-04-22T22:01:10.085Z
1000000361,,442733008,SNOMEDCT,False,True,False,356f2b83-4ed0-4f16-b2cc-3a20f6518059,"{""when"": ""2022-04-22"", ""who"": ""Data Ingest & Harmonization (DIH)"", ""project"": ""N3C-enclave-import"", ""oids-source"": ""data/vsac-OIDs/Lisa6-VSAC-2022-04-21.csv"", ""generation-process"": ""oids from data/vsac-OIDs/Lisa6-VSAC-2022-04-21.csv => VSAC trad API => 3-file dir /Users/joeflack4/projects/ValueSet-Tools/vsac_wrangler/../data/palantir-three-file/vsac/2022.04.22/output"", ""valueset-source"": ""VSAC""}",a39723f3-dc9c-48ce-90ff-06891c29114f,2022-04-22T22:01:10.085Z
1000000361,,443929000,SNOMEDCT,False,True,False,f8aecc34-f475-42aa-bc34-e0b64c8f056c,"{""when"": ""2022-04-22"", ""who"": ""Data Ingest & Harmonization (DIH)"", ""project"": ""N3C-enclave-import"", ""oids-source"": ""data/vsac-OIDs/Lisa6-VSAC-2022-04-21.csv"", ""generation-process"": ""oids from data/vsac-OIDs/Lisa6-VSAC-2022-04-21.csv => VSAC trad API => 3-file dir /Users/joeflack4/projects/ValueSet-Tools/vsac_wrangler/../data/palantir-three-file/vsac/2022.04.22/output"", ""valueset-source"": ""VSAC""}",a39723f3-dc9c-48ce-90ff-06891c29114f,2022-04-22T22:01:10.085Z
1000000361,,46421000119102,SNOMEDCT,False,True,False,25875e2c-1b65-4769-b6a8-6de02187ab83,"{""when"": ""2022-04-22"", ""who"": ""Data Ingest & Harmonization (DIH)"", ""project"": ""N3C-enclave-import"", ""oids-source"": ""data/vsac-OIDs/Lisa6-VSAC-2022-04-21.csv"", ""generation-process"": ""oids from data/vsac-OIDs/Lisa6-VSAC-2022-04-21.csv => VSAC trad API => 3-file dir /Users/joeflack4/projects/ValueSet-Tools/vsac_wrangler/../data/palantir-three-file/vsac/2022.04.22/output"", ""valueset-source"": ""VSAC""}",a39723f3-dc9c-48ce-90ff-06891c29114f,2022-04-22T22:01:10.085Z
1000000361,,48601000119107,SNOMEDCT,False,True,False,a45258b4-ae7f-49ec-bf0b-81e211c54608,"{""when"": ""2022-04-22"", ""who"": ""Data Ingest & Harmonization (DIH)"", ""project"": ""N3C-enclave-import"", ""oids-source"": ""data/vsac-OIDs/Lisa6-VSAC-2022-04-21.csv"", ""generation-process"": ""oids from data/vsac-OIDs/Lisa6-VSAC-2022-04-21.csv => VSAC trad API => 3-file dir /Users/joeflack4/projects/ValueSet-Tools/vsac_wrangler/../data/palantir-three-file/vsac/2022.04.22/output"", ""valueset-source"": ""VSAC""}",a39723f3-dc9c-48ce-90ff-06891c29114f,2022-04-22T22:01:10.086Z
1000000361,,5571000124103,SNOMEDCT,False,True,False,54c8760c-5f3e-4f3c-9b1a-d8308a3c14e1,"{""when"": ""2022-04-22"", ""who"": ""Data Ingest & Harmonization (DIH)"", ""project"": ""N3C-enclave-import"", ""oids-source"": ""data/vsac-OIDs/Lisa6-VSAC-2022-04-21.csv"", ""generation-process"": ""oids from data/vsac-OIDs/Lisa6-VSAC-2022-04-21.csv => VSAC trad API => 3-file dir /Users/joeflack4/projects/ValueSet-Tools/vsac_wrangler/../data/palantir-three-file/vsac/2022.04.22/output"", ""valueset-source"": ""VSAC""}",a39723f3-dc9c-48ce-90ff-06891c29114f,2022-04-22T22:01:10.086Z
1000000361,,57981008,SNOMEDCT,False,True,False,871d0455-6833-451c-bf7f-f53aa07adb98,"{""when"": ""2022-04-22"", ""who"": ""Data Ingest & Harmonization (DIH)"", ""project"": ""N3C-enclave-import"", ""oids-source"": ""data/vsac-OIDs/Lisa6-VSAC-2022-04-21.csv"", ""generation-process"": ""oids from data/vsac-OIDs/Lisa6-VSAC-2022-04-21.csv => VSAC trad API => 3-file dir /Users/joeflack4/projects/ValueSet-Tools/vsac_wrangler/../data/palantir-three-file/vsac/2022.04.22/output"", ""valueset-source"": ""VSAC""}",a39723f3-dc9c-48ce-90ff-06891c29114f,2022-04-22T22:01:10.086Z
1000000361,,62914000,SNOMEDCT,False,True,False,fdf327c7-3c44-4159-92ed-9033f5be6979,"{""when"": ""2022-04-22"", ""who"": ""Data Ingest & Harmonization (DIH)"", ""project"": ""N3C-enclave-import"", ""oids-source"": ""data/vsac-OIDs/Lisa6-VSAC-2022-04-21.csv"", ""generation-process"": ""oids from data/vsac-OIDs/Lisa6-VSAC-2022-04-21.csv => VSAC trad API => 3-file dir /Users/joeflack4/projects/ValueSet-Tools/vsac_wrangler/../data/palantir-three-file/vsac/2022.04.22/output"", ""valueset-source"": ""VSAC""}",a39723f3-dc9c-48ce-90ff-06891c29114f,2022-04-22T22:01:10.086Z
1000000361,,703163006,SNOMEDCT,False,True,False,4bc2c900-4460-47f9-9a35-704455a00b25,"{""when"": ""2022-04-22"", ""who"": ""Data Ingest & Harmonization (DIH)"", ""project"": ""N3C-enclave-import"", ""oids-source"": ""data/vsac-OIDs/Lisa6-VSAC-2022-04-21.csv"", ""generation-process"": ""oids from data/vsac-OIDs/Lisa6-VSAC-2022-04-21.csv => VSAC trad API => 3-file dir /Users/joeflack4/projects/ValueSet-Tools/vsac_wrangler/../data/palantir-three-file/vsac/2022.04.22/output"", ""valueset-source"": ""VSAC""}",a39723f3-dc9c-48ce-90ff-06891c29114f,2022-04-22T22:01:10.086Z
1000000361,,705128004,SNOMEDCT,False,True,False,25f66c11-e204-4c2d-903f-107ce57cf57a,"{""when"": ""2022-04-22"", ""who"": ""Data Ingest & Harmonization (DIH)"", ""project"": ""N3C-enclave-import"", ""oids-source"": ""data/vsac-OIDs/Lisa6-VSAC-2022-04-21.csv"", ""generation-process"": ""oids from data/vsac-OIDs/Lisa6-VSAC-2022-04-21.csv => VSAC trad API => 3-file dir /Users/joeflack4/projects/ValueSet-Tools/vsac_wrangler/../data/palantir-three-file/vsac/2022.04.22/output"", ""valueset-source"": ""VSAC""}",a39723f3-dc9c-48ce-90ff-06891c29114f,2022-04-22T22:01:10.086Z
1000000361,,705130002,SNOMEDCT,False,True,False,ef1ba90c-6c5a-4c2e-9a7c-0d2b7ae534a5,"{""when"": ""2022-04-22"", ""who"": ""Data Ingest & Harmonization (DIH)"", ""project"": ""N3C-enclave-import"", ""oids-source"": ""data/vsac-OIDs/Lisa6-VSAC-2022-04-21.csv"", ""generation-process"": ""oids from data/vsac-OIDs/Lisa6-VSAC-2022-04-21.csv => VSAC trad API => 3-file dir /Users/joeflack4/projects/ValueSet-Tools/vsac_wrangler/../data/palantir-three-file/vsac/2022.04.22/output"", ""valueset-source"": ""VSAC""}",a39723f3-dc9c-48ce-90ff-06891c29114f,2022-04-22T22:01:10.086Z
1000000361,,87551000119101,SNOMEDCT,False,True,False,29fe70f3-b135-43b5-9e6b-8b8522765a4a,"{""when"": ""2022-04-22"", ""who"": ""Data Ingest & Harmonization (DIH)"", ""project"": ""N3C-enclave-import"", ""oids-source"": ""data/vsac-OIDs/Lisa6-VSAC-2022-04-21.csv"", ""generation-process"": ""oids from data/vsac-OIDs/Lisa6-VSAC-2022-04-21.csv => VSAC trad API => 3-file dir /Users/joeflack4/projects/ValueSet-Tools/vsac_wrangler/../data/palantir-three-file/vsac/2022.04.22/output"", ""valueset-source"": ""VSAC""}",a39723f3-dc9c-48ce-90ff-06891c29114f,2022-04-22T22:01:10.086Z
1000000361,,91601000119109,SNOMEDCT,False,True,False,a0e28d24-d761-4e4b-9e3b-b9d5fad8f49c,"{""when"": ""2022-04-22"", ""who"": ""Data Ingest & Harmonization (DIH)"", ""project"": ""N3C-enclave-import"", ""oids-source"": ""data/vsac-OIDs/Lisa6-VSAC-2022-04-21.csv"", ""generation-process"": ""oids from data/vsac-OIDs/Lisa6-VSAC-2022-04-21.csv => VSAC trad API => 3-file dir /Users/joeflack4/projects/ValueSet-Tools/vsac_wrangler/../data/palantir-three-file/vsac/2022.04.22/output"", ""valueset-source"": ""VSAC""}",a39723f3-dc9c-48ce-90ff-06891c29114f,2022-04-22T22:01:10.086Z
1000000361,,92341000119107,SNOMEDCT,False,True,False,79bbf617-02b9-416d-a4fc-3ac686581ac2,"{""when"": ""2022-04-22"", ""who"": ""Data Ingest & Harmonization (DIH)"", ""project"": ""N3C-enclave-import"", ""oids-source"": ""data/vsac-OIDs/Lisa6-VSAC-2022-04-21.csv"", ""generation-process"": ""oids from data/vsac-OIDs/Lisa6-VSAC-2022-04-21.csv => VSAC trad API => 3-file dir /Users/joeflack4/projects/ValueSet-Tools/vsac_wrangler/../data/palantir-three-file/vsac/2022.04.22/output"", ""valueset-source"": ""VSAC""}",a39723f3-dc9c-48ce-90ff-06891c29114f,2022-04-22T22:01:10.086Z
1000000361,,95457000,SNOMEDCT,False,True,False,4c40fbd8-957d-4ae4-bcdf-981c53628527,"{""when"": ""2022-04-22"", ""who"": ""Data Ingest & Harmonization (DIH)"", ""project"": ""N3C-enclave-import"", ""oids-source"": ""data/vsac-OIDs/Lisa6-VSAC-2022-04-21.csv"", ""generation-process"": ""oids from data/vsac-OIDs/Lisa6-VSAC-2022-04-21.csv => VSAC trad API => 3-file dir /Users/joeflack4/projects/ValueSet-Tools/vsac_wrangler/../data/palantir-three-file/vsac/2022.04.22/output"", ""valueset-source"": ""VSAC""}",a39723f3-dc9c-48ce-90ff-06891c29114f,2022-04-22T22:01:10.086Z
1000000361,,9901000119100,SNOMEDCT,False,True,False,f8e5712b-d684-44a3-91e2-531ebea9bcfe,"{""when"": ""2022-04-22"", ""who"": ""Data Ingest & Harmonization (DIH)"", ""project"": ""N3C-enclave-import"", ""oids-source"": ""data/vsac-OIDs/Lisa6-VSAC-2022-04-21.csv"", ""generation-process"": ""oids from data/vsac-OIDs/Lisa6-VSAC-2022-04-21.csv => VSAC trad API => 3-file dir /Users/joeflack4/projects/ValueSet-Tools/vsac_wrangler/../data/palantir-three-file/vsac/2022.04.22/output"", ""valueset-source"": ""VSAC""}",a39723f3-dc9c-48ce-90ff-06891c29114f,2022-04-22T22:01:10.086Z
1000000361,,99451000119105,SNOMEDCT,False,True,False,1b2f35c3-4556-4765-8ca6-8f477eafabd0,"{""when"": ""2022-04-22"", ""who"": ""Data Ingest & Harmonization (DIH)"", ""project"": ""N3C-enclave-import"", ""oids-source"": ""data/vsac-OIDs/Lisa6-VSAC-2022-04-21.csv"", ""generation-process"": ""oids from data/vsac-OIDs/Lisa6-VSAC-2022-04-21.csv => VSAC trad API => 3-file dir /Users/joeflack4/projects/ValueSet-Tools/vsac_wrangler/../data/palantir-three-file/vsac/2022.04.22/output"", ""valueset-source"": ""VSAC""}",a39723f3-dc9c-48ce-90ff-06891c29114f,2022-04-22T22:01:10.086Z
