concept_set_id,concept_set_name,project_id,assigned_informatician,assigned_sme,status,stage,intention,n3c_reviewer,alias,archived,created_by,created_at
[VSAC] Blood Transfusion 246,[VSAC] Blood Transfusion 246,,a39723f3-dc9c-48ce-90ff-06891c29114f,a39723f3-dc9c-48ce-90ff-06891c29114f,Under Construction,Awaiting Editing,Clinical Focus: The purpose of this value set is to represent concepts of procedures of blood transfusions.; Data Element Scope: This value set may use a model element related to procedure.; Inclusion Criteria: Includes concepts that represent procedures of a blood transfusion.,,,False,a39723f3-dc9c-48ce-90ff-06891c29114f,2022-03-02T19:16:26.860Z
[VSAC] Blood Transfusion 81,[VSAC] Blood Transfusion 81,,a39723f3-dc9c-48ce-90ff-06891c29114f,a39723f3-dc9c-48ce-90ff-06891c29114f,Under Construction,Awaiting Editing,"Clinical Focus: Transfusion of Blood or Blood Products.; Data Element Scope: Transfusion of blood or certain blood products that exposes a person to transmission of and infection with bloodborn viruses.; Inclusion Criteria: Procedures related to transfusion, push transfusion or exchange transfusion of blood or blood components in newborn, children and adults. Allogenic transfusion of blood or certain blood components.",,,False,a39723f3-dc9c-48ce-90ff-06891c29114f,2022-03-02T19:16:26.860Z
[VSAC] Arrhythmia,[VSAC] Arrhythmia,,a39723f3-dc9c-48ce-90ff-06891c29114f,a39723f3-dc9c-48ce-90ff-06891c29114f,Under Construction,Awaiting Editing,Clinical Focus: The purpose of this value set is to represent concepts of a diagnosis of arrhythmia.; Data Element Scope: This value set may use a model element related to Diagnosis.; Inclusion Criteria: Includes concepts that represent a diagnosis of arrhythmia.,,,False,a39723f3-dc9c-48ce-90ff-06891c29114f,2022-03-02T19:16:26.860Z
[VSAC] Bradycardia,[VSAC] Bradycardia,,a39723f3-dc9c-48ce-90ff-06891c29114f,a39723f3-dc9c-48ce-90ff-06891c29114f,Under Construction,Awaiting Editing,Clinical Focus: Includes concepts that represent a diagnosis of bradycardia.; Data Element Scope: This value set may use a model element related to Diagnosis.; Inclusion Criteria: Includes concepts that represent a diagnosis of bradycardia.,,,False,a39723f3-dc9c-48ce-90ff-06891c29114f,2022-03-02T19:16:26.861Z
[VSAC] Cardiac Surgery,[VSAC] Cardiac Surgery,,a39723f3-dc9c-48ce-90ff-06891c29114f,a39723f3-dc9c-48ce-90ff-06891c29114f,Under Construction,Awaiting Editing,Clinical Focus: The purpose of this value set is to represent concepts of procedures for cardiac surgery.; Data Element Scope: This value set may use a model element related to Procedure.; Inclusion Criteria: Includes concepts that represent cardiac surgery.,,,False,a39723f3-dc9c-48ce-90ff-06891c29114f,2022-03-02T19:16:26.861Z
[VSAC] Chronic Stable Angina,[VSAC] Chronic Stable Angina,,a39723f3-dc9c-48ce-90ff-06891c29114f,a39723f3-dc9c-48ce-90ff-06891c29114f,Under Construction,Awaiting Editing,Clinical Focus: This value set contains concepts that represent a diagnosis of chronic stable angina.; Data Element Scope: This value set may use Quality Data Model (QDM) category related to Diagnosis.; Inclusion Criteria: Includes only relevant concepts associated with a diagnosis of chronic stable angina.,,,False,a39723f3-dc9c-48ce-90ff-06891c29114f,2022-03-02T19:16:26.861Z
[VSAC] Coronary Artery Disease No MI,[VSAC] Coronary Artery Disease No MI,,a39723f3-dc9c-48ce-90ff-06891c29114f,a39723f3-dc9c-48ce-90ff-06891c29114f,Under Construction,Awaiting Editing,Clinical Focus: The purpose of this value set is to represent concepts of a diagnosis of coronary artery disease without myocardial infarction.; Data Element Scope: This value set may use a model element related to Diagnosis.; Inclusion Criteria: Includes concepts that represent a diagnosis of coronary artery disease without myocardial infarction.,,,False,a39723f3-dc9c-48ce-90ff-06891c29114f,2022-03-02T19:16:26.861Z
[VSAC] Diastolic Heart Failure,[VSAC] Diastolic Heart Failure,,a39723f3-dc9c-48ce-90ff-06891c29114f,a39723f3-dc9c-48ce-90ff-06891c29114f,Under Construction,Awaiting Editing,Clinical Focus: The purpose of this value set is to represent concepts for diagnoses of diastolic heart failure.; Data Element Scope: This value set may use a model element related to Diagnosis.; Inclusion Criteria: Includes concepts that represent a diagnosis of heart failure.,,,False,a39723f3-dc9c-48ce-90ff-06891c29114f,2022-03-02T19:16:26.861Z
[VSAC] Heart Failure,[VSAC] Heart Failure,,a39723f3-dc9c-48ce-90ff-06891c29114f,a39723f3-dc9c-48ce-90ff-06891c29114f,Under Construction,Awaiting Editing,Clinical Focus: The purpose of this value set is to represent concepts for diagnoses of heart failure.; Data Element Scope: This value set may use a model element related to Diagnosis.; Inclusion Criteria: Includes concepts that represent a diagnosis of heart failure.,,,False,a39723f3-dc9c-48ce-90ff-06891c29114f,2022-03-02T19:16:26.862Z
[VSAC] Hypotension,[VSAC] Hypotension,,a39723f3-dc9c-48ce-90ff-06891c29114f,a39723f3-dc9c-48ce-90ff-06891c29114f,Under Construction,Awaiting Editing,Clinical Focus: The purpose of this value set is to represent concepts for diagnoses of hypotension.; Data Element Scope: This value set may use a model element related to Diagnosis.; Inclusion Criteria: Includes concepts that represent a diagnosis of hypotension.,,,False,a39723f3-dc9c-48ce-90ff-06891c29114f,2022-03-02T19:16:26.862Z
[VSAC] Hypothyroidism,[VSAC] Hypothyroidism,,a39723f3-dc9c-48ce-90ff-06891c29114f,a39723f3-dc9c-48ce-90ff-06891c29114f,Under Construction,Awaiting Editing,Clinical Focus: This value set contains concepts related to the diagnosis of hypothyroidism.; Data Element Scope: This value set may use Quality Data Model (QDM) category related to Diagnosis.; Inclusion Criteria: Includes only relevant concepts related to the diagnosis of hypothyroidism.,,,False,a39723f3-dc9c-48ce-90ff-06891c29114f,2022-03-02T19:16:26.862Z
[VSAC] Myocardial Infarction,[VSAC] Myocardial Infarction,,a39723f3-dc9c-48ce-90ff-06891c29114f,a39723f3-dc9c-48ce-90ff-06891c29114f,Under Construction,Awaiting Editing,Clinical Focus: The purpose of this value set is to represent concepts of diagnoses for myocardial infarction.; Data Element Scope: This value set may use a model element related to Diagnosis.; Inclusion Criteria: Includes concepts that represent a diagnosis of myocardial infarction.,,,False,a39723f3-dc9c-48ce-90ff-06891c29114f,2022-03-02T19:16:26.862Z
[VSAC] Pregnancy,[VSAC] Pregnancy,,a39723f3-dc9c-48ce-90ff-06891c29114f,a39723f3-dc9c-48ce-90ff-06891c29114f,Under Construction,Awaiting Editing,Clinical Focus: The purpose of this value set is to represent concepts for diagnoses of pregnancy.; Data Element Scope: This value set may use a model element related to Diagnosis.; Inclusion Criteria: Includes concepts that represent a diagnosis of pregnancy.,,,False,a39723f3-dc9c-48ce-90ff-06891c29114f,2022-03-02T19:16:26.863Z
[VSAC] Asthma ,[VSAC] Asthma ,,a39723f3-dc9c-48ce-90ff-06891c29114f,a39723f3-dc9c-48ce-90ff-06891c29114f,Under Construction,Awaiting Editing,"Clinical Focus: Asthma conditions which suggest applicability of NHLBI NAEPP EPR3 Guidelines for the Diagnosis and Management of Asthma (2007) and the 2020 Focused Updates to the Asthma Management Guidelines; Data Element Scope: FHIR Condition.code; Inclusion Criteria: Self-and-descendants of ""Asthma (disorder)"" and ""Asthma finding (finding)"" in SNOMEDCT",,,False,a39723f3-dc9c-48ce-90ff-06891c29114f,2022-03-02T19:16:26.863Z
[VSAC] Ischemic Stroke_Embolism,[VSAC] Ischemic Stroke_Embolism,,a39723f3-dc9c-48ce-90ff-06891c29114f,a39723f3-dc9c-48ce-90ff-06891c29114f,Under Construction,Awaiting Editing,Clinical Focus: The purpose of this value set is to represent concepts for a diagnosis of a stroke caused by ischemia.; Data Element Scope: This value set may use a model element related to Diagnosis.; Inclusion Criteria: Includes concepts that represent a diagnosis of ischemic stroke.,,,False,a39723f3-dc9c-48ce-90ff-06891c29114f,2022-03-02T19:16:26.863Z
[VSAC] Chronic Liver Disease,[VSAC] Chronic Liver Disease,,a39723f3-dc9c-48ce-90ff-06891c29114f,a39723f3-dc9c-48ce-90ff-06891c29114f,Under Construction,Awaiting Editing,"Clinical Focus: The purpose of this value set is to represent concepts for a diagnosis of chronic liver disease.; Data Element Scope: This value set may use a model element related to Diagnosis.; Inclusion Criteria: Includes concepts that represent a diagnosis of chronic liver disease or cirrhosis, liver abscess or sequelae of chronic liver disease and other disorders of the liver.",,,False,a39723f3-dc9c-48ce-90ff-06891c29114f,2022-03-02T19:16:26.863Z
[VSAC] Chronic Obstructive Pulmonary Disease,[VSAC] Chronic Obstructive Pulmonary Disease,,a39723f3-dc9c-48ce-90ff-06891c29114f,a39723f3-dc9c-48ce-90ff-06891c29114f,Under Construction,Awaiting Editing,"Clinical Focus: This value set identifies patients with a diagnosis of chronic obstructive pulmonary disorder (COPD).; Data Element Scope: This value set was intended to map to the QDM data type of diagnosis, but has the potential to be used in additional ways.; Inclusion Criteria: This value set includes acute COPD exacerbations, and end stage COPD. It also includes mild through severe COPD classifications.",,,False,a39723f3-dc9c-48ce-90ff-06891c29114f,2022-03-02T19:16:26.864Z
[VSAC] Comorbid Conditions for Respiratory Conditions,[VSAC] Comorbid Conditions for Respiratory Conditions,,a39723f3-dc9c-48ce-90ff-06891c29114f,a39723f3-dc9c-48ce-90ff-06891c29114f,Under Construction,Awaiting Editing,"Clinical Focus: The purpose of this value set is to represent concepts for a diagnosis of immunocompromising and chronic respiratory conditions, which increase susceptibility of contracting an acute bacterial infection.; Data Element Scope: This value set may use a model element related to Diagnosis.; Inclusion Criteria: Includes concepts that represent a diagnosis of immunocompromising and chronic respiratory conditions, which increase susceptibility of contracting an acute bacterial infection.",,,False,a39723f3-dc9c-48ce-90ff-06891c29114f,2022-03-02T19:16:26.864Z
[VSAC] Cystic Fibrosis,[VSAC] Cystic Fibrosis,,a39723f3-dc9c-48ce-90ff-06891c29114f,a39723f3-dc9c-48ce-90ff-06891c29114f,Under Construction,Awaiting Editing,Clinical Focus: Under Development; Data Element Scope: Under Development; Inclusion Criteria: Under Development,,,False,a39723f3-dc9c-48ce-90ff-06891c29114f,2022-03-02T19:16:26.864Z
[VSAC] Diabetes,[VSAC] Diabetes,,a39723f3-dc9c-48ce-90ff-06891c29114f,a39723f3-dc9c-48ce-90ff-06891c29114f,Under Construction,Awaiting Editing,Clinical Focus: Under Development; Data Element Scope: Under Development; Inclusion Criteria: Under Development,,,False,a39723f3-dc9c-48ce-90ff-06891c29114f,2022-03-02T19:16:26.865Z
[VSAC] HIV 1,[VSAC] HIV 1,,a39723f3-dc9c-48ce-90ff-06891c29114f,a39723f3-dc9c-48ce-90ff-06891c29114f,Under Construction,Awaiting Editing,Clinical Focus: The purpose of this value set is to represent concepts for a diagnosis of  human immunodeficiency virus (HIV) type 1.; Data Element Scope: This value set may use a model element related to Diagnosis.; Inclusion Criteria: Includes concepts that represent a diagnosis of HIV type 1 or acquired immunodeficiency syndrome.,,,False,a39723f3-dc9c-48ce-90ff-06891c29114f,2022-03-02T19:16:26.865Z
[VSAC] Kidney Transplant,[VSAC] Kidney Transplant,,a39723f3-dc9c-48ce-90ff-06891c29114f,a39723f3-dc9c-48ce-90ff-06891c29114f,Under Construction,Awaiting Editing,Clinical Focus: The purpose of this value set is to represent concepts for a kidney transplant.; Data Element Scope: This value set may use a model element related to Procedure.; Inclusion Criteria: Includes concepts that represent kidney transplants.,,,False,a39723f3-dc9c-48ce-90ff-06891c29114f,2022-03-02T19:16:26.865Z
[VSAC] Major Transplant,[VSAC] Major Transplant,,a39723f3-dc9c-48ce-90ff-06891c29114f,a39723f3-dc9c-48ce-90ff-06891c29114f,Under Construction,Awaiting Editing,"Clinical Focus: Includes concepts that represent a procedure for a transplant of the heart, thymus, spleen, lung, esophagus, stomach, small intestine, large intestine, liver, pancreas, ovary, uterus, face, hand or pancreatic islet cells.; Data Element Scope: This value set may use a model element related to Procedure.; Inclusion Criteria: Includes concepts that represent a transplant of the heart, thymus, spleen, lung, esophagus, stomach, small intestine, large intestine, liver, pancreas, ovary, uterus, face, hand or pancreatic islet cells.",,,False,a39723f3-dc9c-48ce-90ff-06891c29114f,2022-03-02T19:16:26.865Z
[VSAC] Mental Behavioral and Neurodevelopmental Disorders,[VSAC] Mental Behavioral and Neurodevelopmental Disorders,,a39723f3-dc9c-48ce-90ff-06891c29114f,a39723f3-dc9c-48ce-90ff-06891c29114f,Under Construction,Awaiting Editing,"Clinical Focus: The purpose of this value set is to represent concepts for a diagnosis of a mental, behavioral or neurodevelopmental disorder.; Data Element Scope: This value set may use a model element related to Diagnosis.; Inclusion Criteria: Includes concepts that represent a diagnosis of mental health or substance abuse.",,,False,a39723f3-dc9c-48ce-90ff-06891c29114f,2022-03-02T19:16:26.867Z
[VSAC] Substance Use Disorder,[VSAC] Substance Use Disorder,,a39723f3-dc9c-48ce-90ff-06891c29114f,a39723f3-dc9c-48ce-90ff-06891c29114f,Under Construction,Awaiting Editing,Clinical Focus: The purpose of this value set is to represent concepts for a diagnosis of substance use disorder.; Data Element Scope: This value set may use a model element related to Diagnosis.; Inclusion Criteria: Includes concepts that represent a diagnosis of alcohol abuse and dependence and drug abuse and dependence.,,,False,a39723f3-dc9c-48ce-90ff-06891c29114f,2022-03-02T19:16:26.868Z
[VSAC] Type 1 Diabetes,[VSAC] Type 1 Diabetes,,a39723f3-dc9c-48ce-90ff-06891c29114f,a39723f3-dc9c-48ce-90ff-06891c29114f,Under Construction,Awaiting Editing,"Clinical Focus: The purpose of this value set is to represent concepts for a diagnosis of  type I diabetes mellitus.; Data Element Scope: This value set may use a model element related to Diagnosis.; Inclusion Criteria: Includes concepts that represent a diagnosis of type I diabetes mellitus, with or without reference to complications and comorbidities.",,,False,a39723f3-dc9c-48ce-90ff-06891c29114f,2022-03-02T19:16:26.868Z
[VSAC] Type II Diabetes,[VSAC] Type II Diabetes,,a39723f3-dc9c-48ce-90ff-06891c29114f,a39723f3-dc9c-48ce-90ff-06891c29114f,Under Construction,Awaiting Editing,"Clinical Focus: The purpose of this value set is to represent concepts for a diagnosis of  type II diabetes mellitus.; Data Element Scope: This value set may use a model element related to Diagnosis.; Inclusion Criteria: Includes concepts that represent a diagnosis of diabetes mellitus, type II with and without complications.",,,False,a39723f3-dc9c-48ce-90ff-06891c29114f,2022-03-02T19:16:26.868Z
[VSAC] Inhaled Corticosteroids,[VSAC] Inhaled Corticosteroids,,a39723f3-dc9c-48ce-90ff-06891c29114f,a39723f3-dc9c-48ce-90ff-06891c29114f,Under Construction,Awaiting Editing,Clinical Focus: Under Development; Data Element Scope: Under Development; Inclusion Criteria: Under Development,,,False,a39723f3-dc9c-48ce-90ff-06891c29114f,2022-03-02T19:16:26.869Z
[VSAC] Cardiomyopathy,[VSAC] Cardiomyopathy,,a39723f3-dc9c-48ce-90ff-06891c29114f,a39723f3-dc9c-48ce-90ff-06891c29114f,Under Construction,Awaiting Editing,Clinical Focus: This set of values addresses terms representing Cardiomyopathy.; Data Element Scope: The intent of this set of values is to identify patients who have a/an diagnosis of of cardiomyopathy.; Inclusion Criteria: Includes GROUP codes for Cardiomyopathy.,,,False,a39723f3-dc9c-48ce-90ff-06891c29114f,2022-03-02T19:16:26.869Z
[VSAC] Chronic Kidney Disease All Stages (1 through 5) ,[VSAC] Chronic Kidney Disease All Stages (1 through 5) ,,a39723f3-dc9c-48ce-90ff-06891c29114f,a39723f3-dc9c-48ce-90ff-06891c29114f,Under Construction,Awaiting Editing,"Clinical Focus: This set of values contains diagnosis terms representing All Stages (1 or 2 or 3 or 4 or 5) of chronic kidney disease.; Data Element Scope: The intent of this set of values is to identify patients who have a diagnosis of or request for All Stages of chronic kidney disease.; Inclusion Criteria: Includes all stages of chronic kidney disease diagnosis that represent impaired kidney function, significant impairment of kidney function, and end stage renal disease.",,,False,a39723f3-dc9c-48ce-90ff-06891c29114f,2022-03-02T19:16:26.869Z
[VSAC] Obesity ,[VSAC] Obesity ,,a39723f3-dc9c-48ce-90ff-06891c29114f,a39723f3-dc9c-48ce-90ff-06891c29114f,Under Construction,Awaiting Editing,Clinical Focus: This set of values contains diagnosis terms representing obesity.; Data Element Scope: The intent of this set of values is to identify patients who have a diagnosis of obesity. Obesity is defined by the CDC as weight causing a BMI that is greater than 30.; Inclusion Criteria: Includes SCT diagnosis terms that represent all types of obesity including those terms that are precoordinated with the cause of the obesity.,,,False,a39723f3-dc9c-48ce-90ff-06891c29114f,2022-03-02T19:16:26.870Z
[VSAC] Smoking or Cigarette Use,[VSAC] Smoking or Cigarette Use,,a39723f3-dc9c-48ce-90ff-06891c29114f,a39723f3-dc9c-48ce-90ff-06891c29114f,Under Construction,Awaiting Editing,Clinical Focus: This set of values addresses terms representing Smoking or Cigarette Use.; Data Element Scope: The intent of this set of values is to identify patients who have a/an documentation of the person's smoking patterns.; Inclusion Criteria: Includes SNOMEDCT codes for Smoking or Cigarette Use.,,,False,a39723f3-dc9c-48ce-90ff-06891c29114f,2022-03-02T19:16:26.870Z
[VSAC] Thalassemia,[VSAC] Thalassemia,,a39723f3-dc9c-48ce-90ff-06891c29114f,a39723f3-dc9c-48ce-90ff-06891c29114f,Under Construction,Awaiting Editing,Clinical Focus: This set of values addresses terms representing Thalassemia.; Data Element Scope: The intent of this set of values is to identify patients who have a/an documented diagnosis of thalassemia.; Inclusion Criteria: Includes SNOMEDCT codes for Thalassemia.,,,False,a39723f3-dc9c-48ce-90ff-06891c29114f,2022-03-02T19:16:26.870Z
[VSAC] Tuberculosis (Disorders) ,[VSAC] Tuberculosis (Disorders) ,,a39723f3-dc9c-48ce-90ff-06891c29114f,a39723f3-dc9c-48ce-90ff-06891c29114f,Under Construction,Awaiting Editing,Clinical Focus: This set of values contains diagnoses or problems that represent that the patient has tuberculosis regardless of the clinical presentation of the condition; Data Element Scope: Tuberculosis diagnoses or problems documented in a clinical record.; Inclusion Criteria: Encoded SCT terms that represent that the patient has tuberculosis,,,False,a39723f3-dc9c-48ce-90ff-06891c29114f,2022-03-02T19:16:26.871Z
[VSAC] Congenital Anomalies S,[VSAC] Congenital Anomalies S,,a39723f3-dc9c-48ce-90ff-06891c29114f,a39723f3-dc9c-48ce-90ff-06891c29114f,Under Construction,Awaiting Editing,"Clinical Focus: This set of values contains diagnoses most commonly used for newborns with congenital anomalies.; Data Element Scope: The intent of this data element is to identify newborns who have an active  diagnosis of congenital anomalies. Using the Quality Data Model, this particular element will map to the ""Diagnosis"" category.; Inclusion Criteria: Codes representing the SNOMED-CT  code system for the diagnosis of congenital anomalies.",,,False,a39723f3-dc9c-48ce-90ff-06891c29114f,2022-03-02T19:16:26.872Z
[VSAC] Guillain Barre Syndrome ,[VSAC] Guillain Barre Syndrome ,,a39723f3-dc9c-48ce-90ff-06891c29114f,a39723f3-dc9c-48ce-90ff-06891c29114f,Under Construction,Awaiting Editing,"Clinical Focus: This set of values identifies patients who have  the diagnosis of Guillain-Barre syndrome.; Data Element Scope: The intent of this data element is to identify patients who have a diagnosis of Guillain-Barre syndrome.  Using the Quality Data Model, this data element maps to the Diagnosis category.; Inclusion Criteria: Only include codes which identify patients with Guillain-Barre syndrome.    Codes used are to be SNOMED codes only.",,,False,a39723f3-dc9c-48ce-90ff-06891c29114f,2022-03-02T19:16:26.872Z
[VSAC] Immunodeficient Conditions ,[VSAC] Immunodeficient Conditions ,,a39723f3-dc9c-48ce-90ff-06891c29114f,a39723f3-dc9c-48ce-90ff-06891c29114f,Under Construction,Awaiting Editing,"Clinical Focus: This set of values contains diagnoses most commonly used for patients with Immunodeficiency conditions.; Data Element Scope: The intent of this data element is to identify patients who have an active  diagnosis of an immunodeficiency conditions. Using the Quality Data Model, this particular element will map to the Diagnosis category.; Inclusion Criteria: Include codes representing a diagnosis of  immunodeficient conditions including acquired immune deficiency syndrome, AIDS related Complex, Immunodeficiency Syndromes, Chronic Lymphocytic Leukemia, congenital or hereditary immunodeficiency, human immunodeficiency virus, HIV positive and organ transplant using  the  SNOMED CT code system.",,,False,a39723f3-dc9c-48ce-90ff-06891c29114f,2022-03-02T19:16:26.872Z
[VSAC] Interstitial lung disease ,[VSAC] Interstitial lung disease ,,a39723f3-dc9c-48ce-90ff-06891c29114f,a39723f3-dc9c-48ce-90ff-06891c29114f,Under Construction,Awaiting Editing,"Clinical Focus: This set of values contains diagnoses most commonly used for patients with interstitial lung disease.; Data Element Scope: The intent of this data element is to identify patients who have an active  diagnosis of interstitial lung disease. Using the Quality Data Model, this particular element will map to the Diagnosis category.; Inclusion Criteria: Include codes representing a diagnosis of  interstitial lung disease using the SNOMED CT code system.",,,False,a39723f3-dc9c-48ce-90ff-06891c29114f,2022-03-02T19:16:26.873Z
[VSAC] Bronchiectasis ,[VSAC] Bronchiectasis ,,a39723f3-dc9c-48ce-90ff-06891c29114f,a39723f3-dc9c-48ce-90ff-06891c29114f,Under Construction,Awaiting Editing,"Clinical Focus: This set of values contains diagnoses most commonly used for patients with bronchiectasis.; Data Element Scope: The intent of this data element is to identify patients who have an active  diagnosis of bronchiectasis . Using the Quality Data Model, this particular element will map to the Diagnosis category.; Inclusion Criteria: Include codes representing a diagnosis of bronchiectasis using the  SNOMED CT code system.",,,False,a39723f3-dc9c-48ce-90ff-06891c29114f,2022-03-02T19:16:26.873Z
[VSAC] Active Bleeding,[VSAC] Active Bleeding,,a39723f3-dc9c-48ce-90ff-06891c29114f,a39723f3-dc9c-48ce-90ff-06891c29114f,Under Construction,Awaiting Editing,Clinical Focus: This value set contains concepts that represent post operative hemorrhaging.; Data Element Scope: This value set may use Quality Data Model (QDM) category related to the finding category.; Inclusion Criteria: Includes only relevant concepts associated with post operative hemorrhaging.,,,False,a39723f3-dc9c-48ce-90ff-06891c29114f,2022-03-02T19:16:26.873Z
[VSAC] Acute Heart Failure,[VSAC] Acute Heart Failure,,a39723f3-dc9c-48ce-90ff-06891c29114f,a39723f3-dc9c-48ce-90ff-06891c29114f,Under Construction,Awaiting Editing,Clinical Focus: The purpose of this value set is to identify diagnoses of acute heart failure.; Data Element Scope: This value set may use a model element related to diagnosis.; Inclusion Criteria: Includes concepts that identify a diagnosis of an acute heart failure.,,,False,a39723f3-dc9c-48ce-90ff-06891c29114f,2022-03-02T19:16:26.873Z
[VSAC] Acute Myocardial Infarction (AMI),[VSAC] Acute Myocardial Infarction (AMI),,a39723f3-dc9c-48ce-90ff-06891c29114f,a39723f3-dc9c-48ce-90ff-06891c29114f,Under Construction,Awaiting Editing,Clinical Focus: The purpose of this value set is to identify diagnoses of acute myocardial infarction.; Data Element Scope: This value set may use a model element related to diagnosis.; Inclusion Criteria: Includes concepts that identify a diagnosis of an ST elevation myocardial infarction and Non ST elevation myocardial infarction.,,,False,a39723f3-dc9c-48ce-90ff-06891c29114f,2022-03-02T19:16:26.874Z
[VSAC] Acute Renal Failure,[VSAC] Acute Renal Failure,,a39723f3-dc9c-48ce-90ff-06891c29114f,a39723f3-dc9c-48ce-90ff-06891c29114f,Under Construction,Awaiting Editing,Clinical Focus: The purpose of this value set is to identify diagnoses of acute renal failure.; Data Element Scope: This value set may use a model element related to diagnosis.; Inclusion Criteria: Includes concepts that identify a diagnosis of an acute renal failure.,,,False,a39723f3-dc9c-48ce-90ff-06891c29114f,2022-03-02T19:16:26.874Z
[VSAC] Acute Respiratory Distress Syndrome,[VSAC] Acute Respiratory Distress Syndrome,,a39723f3-dc9c-48ce-90ff-06891c29114f,a39723f3-dc9c-48ce-90ff-06891c29114f,Under Construction,Awaiting Editing,Clinical Focus: The purpose of this value set is to identify diagnoses of acute respiratory distress syndrome.; Data Element Scope: This value set may use a model element related to diagnosis.; Inclusion Criteria: Includes concepts that identify a diagnosis of an acute respiratory distress syndrome.,,,False,a39723f3-dc9c-48ce-90ff-06891c29114f,2022-03-02T19:16:26.874Z
[VSAC] Air and Thrombotic Embolism,[VSAC] Air and Thrombotic Embolism,,a39723f3-dc9c-48ce-90ff-06891c29114f,a39723f3-dc9c-48ce-90ff-06891c29114f,Under Construction,Awaiting Editing,Clinical Focus: The purpose of this value set is to identify diagnoses of air and thrombotic embolisms.; Data Element Scope: This value set may use a model element related to diagnosis.; Inclusion Criteria: Includes concepts that identify a diagnosis of an air and thrombotic embolism.,,,False,a39723f3-dc9c-48ce-90ff-06891c29114f,2022-03-02T19:16:26.875Z
[VSAC] Anemia,[VSAC] Anemia,,a39723f3-dc9c-48ce-90ff-06891c29114f,a39723f3-dc9c-48ce-90ff-06891c29114f,Under Construction,Awaiting Editing,Clinical Focus: The purpose of this value set is to identify diagnoses of anemia.; Data Element Scope: This value set may use a model element related to diagnosis.; Inclusion Criteria: Includes concepts that identify a diagnosis of an anemia.,,,False,a39723f3-dc9c-48ce-90ff-06891c29114f,2022-03-02T19:16:26.875Z
[VSAC] Antithrombotic Therapy_Antiplatelet,[VSAC] Antithrombotic Therapy_Antiplatelet,,a39723f3-dc9c-48ce-90ff-06891c29114f,a39723f3-dc9c-48ce-90ff-06891c29114f,Under Construction,Awaiting Editing,"Clinical Focus: The purpose of this value set is to represent concepts of medications that are antiplatelet medications used to reduce stroke mortality and morbidity.; Data Element Scope: This value set may use a model element related to Medication.; Inclusion Criteria: Includes concepts that represent a medication that is an antithrombotic medication, including oral, rectal, and injectable dose forms.",,,False,a39723f3-dc9c-48ce-90ff-06891c29114f,2022-03-02T19:16:26.875Z
[VSAC] Atrial Fibrillation/Flutter,[VSAC] Atrial Fibrillation/Flutter,,a39723f3-dc9c-48ce-90ff-06891c29114f,a39723f3-dc9c-48ce-90ff-06891c29114f,Under Construction,Awaiting Editing,"Clinical Focus: The purpose of this value set is to represent concepts of disorders for atrial fibrillation/ flutter.; Data Element Scope: This value set may use a model element related to Diagnosis.; Inclusion Criteria: Includes concepts that represent a diagnosis for identifying patients with atrial fibrillation, atrial flutter, persistent atrial fibrillation, or paroxysmal atrial fibrillation.",,,False,a39723f3-dc9c-48ce-90ff-06891c29114f,2022-03-02T19:16:26.876Z
[VSAC] Autoimmune Disease,[VSAC] Autoimmune Disease,,a39723f3-dc9c-48ce-90ff-06891c29114f,a39723f3-dc9c-48ce-90ff-06891c29114f,Under Construction,Awaiting Editing,Clinical Focus: The purpose of this value set is to identify diagnoses of autoimmune disease.; Data Element Scope: This value set may use a model element related to diagnosis.; Inclusion Criteria: Includes concepts that identify a diagnosis of an autoimmune disease.,,,False,a39723f3-dc9c-48ce-90ff-06891c29114f,2022-03-02T19:16:26.876Z
[VSAC] Bariatric Surgery,[VSAC] Bariatric Surgery,,a39723f3-dc9c-48ce-90ff-06891c29114f,a39723f3-dc9c-48ce-90ff-06891c29114f,Under Construction,Awaiting Editing,Clinical Focus: The purpose of this value set is to identify diagnoses of bariatric surgery.; Data Element Scope: This value set may use a model element related to diagnosis.; Inclusion Criteria: Includes concepts that identify a diagnosis of a bariatric surgery.,,,False,a39723f3-dc9c-48ce-90ff-06891c29114f,2022-03-02T19:16:26.876Z
[VSAC] Bleeding Disorder,[VSAC] Bleeding Disorder,,a39723f3-dc9c-48ce-90ff-06891c29114f,a39723f3-dc9c-48ce-90ff-06891c29114f,Under Construction,Awaiting Editing,Clinical Focus: The purpose of this value set is to identify diagnoses of bleeding disorders.; Data Element Scope: This value set may use a model element related to diagnosis.; Inclusion Criteria: Includes concepts that identify a diagnosis of a bleeding disorder.,,,False,a39723f3-dc9c-48ce-90ff-06891c29114f,2022-03-02T19:16:26.877Z
[VSAC] Cardiac Disease,[VSAC] Cardiac Disease,,a39723f3-dc9c-48ce-90ff-06891c29114f,a39723f3-dc9c-48ce-90ff-06891c29114f,Under Construction,Awaiting Editing,Clinical Focus: The purpose of this value set is to identify diagnoses of cardiac disease.; Data Element Scope: This value set may use a model element related to diagnosis.; Inclusion Criteria: Includes concepts that identify a diagnosis of cardiac disease.,,,False,a39723f3-dc9c-48ce-90ff-06891c29114f,2022-03-02T19:16:26.877Z
[VSAC] Congenital Malformations,[VSAC] Congenital Malformations,,a39723f3-dc9c-48ce-90ff-06891c29114f,a39723f3-dc9c-48ce-90ff-06891c29114f,Under Construction,Awaiting Editing,Clinical Focus: The purpose of this value set is to identify diagnoses of congenital malformations.; Data Element Scope: This value set may use a model element related to diagnosis.; Inclusion Criteria: Includes concepts that identify a diagnosis of a congenital malformation.,,,False,a39723f3-dc9c-48ce-90ff-06891c29114f,2022-03-02T19:16:26.882Z
[VSAC] Disseminated Intravascular Coagulation,[VSAC] Disseminated Intravascular Coagulation,,a39723f3-dc9c-48ce-90ff-06891c29114f,a39723f3-dc9c-48ce-90ff-06891c29114f,Under Construction,Awaiting Editing,Clinical Focus: The purpose of this value set is to identify diagnoses of disseminated intravascular coagulation (DIC).; Data Element Scope: This value set may use a model element related to diagnosis.; Inclusion Criteria: Includes concepts that identify a diagnosis of disseminated intravascular coagulation (DIC).,,,False,a39723f3-dc9c-48ce-90ff-06891c29114f,2022-03-02T19:16:26.882Z
[VSAC] Eclampsia,[VSAC] Eclampsia,,a39723f3-dc9c-48ce-90ff-06891c29114f,a39723f3-dc9c-48ce-90ff-06891c29114f,Under Construction,Awaiting Editing,Clinical Focus: The purpose of this value set is to identify diagnoses of eclampsia.; Data Element Scope: This value set may use a model element related to diagnosis.; Inclusion Criteria: Includes concepts that identify a diagnosis of an eclampsia.,,,False,a39723f3-dc9c-48ce-90ff-06891c29114f,2022-03-02T19:16:26.882Z
[VSAC] Hypertension,[VSAC] Hypertension,,a39723f3-dc9c-48ce-90ff-06891c29114f,a39723f3-dc9c-48ce-90ff-06891c29114f,Under Construction,Awaiting Editing,Clinical Focus: The purpose of this value set is to identify diagnoses of pre-hypertension.; Data Element Scope: This value set may use a model element related to diagnosis.; Inclusion Criteria: Includes concepts that identify a diagnosis of pre-existing hypertension.,,,False,a39723f3-dc9c-48ce-90ff-06891c29114f,2022-03-02T19:16:26.882Z
[VSAC] Mental Health Disorder,[VSAC] Mental Health Disorder,,a39723f3-dc9c-48ce-90ff-06891c29114f,a39723f3-dc9c-48ce-90ff-06891c29114f,Under Construction,Awaiting Editing,"Clinical Focus: The purpose of this value set is to identify diagnoses of mental health disorder.; Data Element Scope: This value set may use a model element related to diagnosis.; Inclusion Criteria: Includes concepts that identify a diagnosis of mental health disorder related to psychotic, nonpsychotic, and mood disorders.",,,False,a39723f3-dc9c-48ce-90ff-06891c29114f,2022-03-02T19:16:26.883Z
[VSAC] Neuromuscular Disease,[VSAC] Neuromuscular Disease,,a39723f3-dc9c-48ce-90ff-06891c29114f,a39723f3-dc9c-48ce-90ff-06891c29114f,Under Construction,Awaiting Editing,Clinical Focus: The purpose of this value set is to identify diagnoses of neuromuscular disease.; Data Element Scope: This value set may use a model element related to diagnosis.; Inclusion Criteria: Includes concepts that identify a diagnosis of a neuromuscular disease.,,,False,a39723f3-dc9c-48ce-90ff-06891c29114f,2022-03-02T19:16:26.883Z
[VSAC] Pulmonary Hypertension,[VSAC] Pulmonary Hypertension,,a39723f3-dc9c-48ce-90ff-06891c29114f,a39723f3-dc9c-48ce-90ff-06891c29114f,Under Construction,Awaiting Editing,Clinical Focus: The purpose of this value set is to identify diagnoses of pulmonary hypertension.; Data Element Scope: This value set may use a model element related to diagnosis.; Inclusion Criteria: Includes concepts that identify a diagnosis of a pulmonary hypertension.,,,False,a39723f3-dc9c-48ce-90ff-06891c29114f,2022-03-02T19:16:26.883Z
[VSAC] Sepsis,[VSAC] Sepsis,,a39723f3-dc9c-48ce-90ff-06891c29114f,a39723f3-dc9c-48ce-90ff-06891c29114f,Under Construction,Awaiting Editing,Clinical Focus: The purpose of this value set is to identify diagnoses of sepsis.; Data Element Scope: This value set may use a model element related to diagnosis.; Inclusion Criteria: Includes concepts that identify a diagnosis of sepsis.,,,False,a39723f3-dc9c-48ce-90ff-06891c29114f,2022-03-02T19:16:26.884Z
[VSAC] Sickle Cell Disease,[VSAC] Sickle Cell Disease,,a39723f3-dc9c-48ce-90ff-06891c29114f,a39723f3-dc9c-48ce-90ff-06891c29114f,Under Construction,Awaiting Editing,Clinical Focus: This value set contains concepts that represent sickle cell disease and related blood disorders; Data Element Scope: This value set may use Quality Data Model (QDM) category related diagnosis.; Inclusion Criteria: Includes only relevant SNOMED concepts associated with the diagnosis representing sickle cells disease and related blood disorders.,,,False,a39723f3-dc9c-48ce-90ff-06891c29114f,2022-03-02T19:16:26.884Z
[VSAC] Brain Tumor,[VSAC] Brain Tumor,,a39723f3-dc9c-48ce-90ff-06891c29114f,a39723f3-dc9c-48ce-90ff-06891c29114f,Under Construction,Awaiting Editing,Clinical Focus: This value set contains concepts that represent a diagnosis of of a brain tumor.; Data Element Scope: This value set may use the Quality Data Model (QDM) category related to Diagnosis.; Inclusion Criteria: This value set may use the Quality Data Model (QDM) category related to Diagnosis.,,,False,a39723f3-dc9c-48ce-90ff-06891c29114f,2022-03-02T19:16:26.884Z
[VSAC] Headache,[VSAC] Headache,,a39723f3-dc9c-48ce-90ff-06891c29114f,a39723f3-dc9c-48ce-90ff-06891c29114f,Under Construction,Awaiting Editing,Clinical Focus: This value set contains concepts that indicate a headache.; Data Element Scope: This value set may use the Quality Data Model (QDM) category related to Symptom.; Inclusion Criteria: Includes only relevant concepts associated with a headache.,,,False,a39723f3-dc9c-48ce-90ff-06891c29114f,2022-03-02T19:16:26.884Z
[VSAC] Pulmonary Embolism or DVT,[VSAC] Pulmonary Embolism or DVT,,a39723f3-dc9c-48ce-90ff-06891c29114f,a39723f3-dc9c-48ce-90ff-06891c29114f,Under Construction,Awaiting Editing,"Clinical Focus: This value set contains concepts associated with diagnoses of pulmonary embolism or deep vein thrombosis.; Data Element Scope: This value set may use the Quality Data Model (QDM) category related to Diagnosis.; Inclusion Criteria: Includes only relevant concepts associated with  deep vein thrombosis or thrombophlebitis, or pulmonary embolisms (eg, amniotic fluid embolisms).",,,False,a39723f3-dc9c-48ce-90ff-06891c29114f,2022-03-02T19:16:26.885Z
[VSAC] Dementia & Mental Degenerations,[VSAC] Dementia & Mental Degenerations,,a39723f3-dc9c-48ce-90ff-06891c29114f,a39723f3-dc9c-48ce-90ff-06891c29114f,Under Construction,Awaiting Editing,Clinical Focus: The purpose of this value set is to represent concepts for diagnoses of dementia or mental degenerations.; Data Element Scope: This value set may use a model element related to diagnosis.; Inclusion Criteria: Includes concepts that represent a diagnosis for dementia and mental degeneration.,,,False,a39723f3-dc9c-48ce-90ff-06891c29114f,2022-03-02T19:16:26.885Z
[VSAC] epilepsy (active) ,[VSAC] epilepsy (active) ,,a39723f3-dc9c-48ce-90ff-06891c29114f,a39723f3-dc9c-48ce-90ff-06891c29114f,Under Construction,Awaiting Editing,Clinical Focus: ; Data Element Scope: ; Inclusion Criteria: ,,,False,a39723f3-dc9c-48ce-90ff-06891c29114f,2022-03-02T19:16:26.885Z
[VSAC] Multiple Sclerosis ,[VSAC] Multiple Sclerosis ,,a39723f3-dc9c-48ce-90ff-06891c29114f,a39723f3-dc9c-48ce-90ff-06891c29114f,Under Construction,Awaiting Editing,Clinical Focus: This set of values contains SNOMED diagnostic codes for multiple sclerosis (MS).; Data Element Scope: The intent of this value set is to identify patients diagnosed with MS. Using the Quality Data Model this element would map to the Diagnosis category.; Inclusion Criteria: Does include SNOMED codes for MS,,,False,a39723f3-dc9c-48ce-90ff-06891c29114f,2022-03-02T19:16:26.886Z
[VSAC] Parkinson's Disease ,[VSAC] Parkinson's Disease ,,a39723f3-dc9c-48ce-90ff-06891c29114f,a39723f3-dc9c-48ce-90ff-06891c29114f,Under Construction,Awaiting Editing,"Clinical Focus: This value set includes SNOMED concepts for Parkinson's Disease.; Data Element Scope: The intent of this data element is to identify patients with Parkinson's Disease. This element may map to the ""Diagnosis"" Category of the Quality Data Model.; Inclusion Criteria: Parkinson's disease",,,False,a39723f3-dc9c-48ce-90ff-06891c29114f,2022-03-02T19:16:26.886Z
[VSAC] Overweight or Obese,[VSAC] Overweight or Obese,,a39723f3-dc9c-48ce-90ff-06891c29114f,a39723f3-dc9c-48ce-90ff-06891c29114f,Under Construction,Awaiting Editing,Clinical Focus: The purpose of this value set is to identify concepts for overweight or obese.; Data Element Scope: This value set may use a model element related to Diagnosis.; Inclusion Criteria: Includes concepts that identify a diagnosis of overweight or obese.,,,False,a39723f3-dc9c-48ce-90ff-06891c29114f,2022-03-02T19:16:26.886Z
[VSAC] Congenital heart disease ,[VSAC] Congenital heart disease ,,a39723f3-dc9c-48ce-90ff-06891c29114f,a39723f3-dc9c-48ce-90ff-06891c29114f,Under Construction,Awaiting Editing,Clinical Focus: This set of values contains diagnoses or problems that represent that the patient has congenital heart disease regardless of the clinical presentation of the condition; Data Element Scope: Diagnoses or problems documented in a clinical record.; Inclusion Criteria: Congenital heart disease,,,False,a39723f3-dc9c-48ce-90ff-06891c29114f,2022-03-02T19:16:26.887Z
[VSAC] Encephalitis (Disorders) ,[VSAC] Encephalitis (Disorders) ,,a39723f3-dc9c-48ce-90ff-06891c29114f,a39723f3-dc9c-48ce-90ff-06891c29114f,Under Construction,Awaiting Editing,Clinical Focus: This set of values contains diagnoses or problems that represent that the patient has Encephalitis regardless of the clinical presentation of the condition; Data Element Scope: Diagnoses or problems documented in a clinical record.; Inclusion Criteria: All disorders or findings related to non disease specific Encephalitis,,,False,a39723f3-dc9c-48ce-90ff-06891c29114f,2022-03-02T19:16:26.887Z
[VSAC] Meningitis ,[VSAC] Meningitis ,,a39723f3-dc9c-48ce-90ff-06891c29114f,a39723f3-dc9c-48ce-90ff-06891c29114f,Under Construction,Awaiting Editing,Clinical Focus: This set of values contains diagnoses or problems that represent that the patient has Meningitis regardless of the clinical presentation of the condition; Data Element Scope: Diagnoses or problems documented in a clinical record.; Inclusion Criteria: Root1 = Meningitis;,,,False,a39723f3-dc9c-48ce-90ff-06891c29114f,2022-03-02T19:16:26.887Z
[VSAC] Hematopoietic stem cell transplant,[VSAC] Hematopoietic stem cell transplant,,a39723f3-dc9c-48ce-90ff-06891c29114f,a39723f3-dc9c-48ce-90ff-06891c29114f,Under Construction,Awaiting Editing,"Clinical Focus: Evidence of a hematopoietic stem cell transplant (HSCT) (i.e., bone marrow transplant) in the patient record.; Data Element Scope: Evidence that a HSCT has been performed on the patient. Since SNOMED CT does not provide disorder codes for HSCT, this VS only consists of ""disorder"" codes that represent complications of HSCT.; Inclusion Criteria: SNOMED CT disorder codes that represent complications of HSCTs (regardless of the type of bone marrow/stem cell transplant). Active and inactive codes since inactive codes are not always updated in a patient record.",,,False,a39723f3-dc9c-48ce-90ff-06891c29114f,2022-03-02T19:16:26.887Z
[VSAC] Immunosuppressant medications for inflammatory bowel disease or rheumatoid arthritis,[VSAC] Immunosuppressant medications for inflammatory bowel disease or rheumatoid arthritis,,a39723f3-dc9c-48ce-90ff-06891c29114f,a39723f3-dc9c-48ce-90ff-06891c29114f,Under Construction,Awaiting Editing,"Clinical Focus: The purpose of this value set is to represent immunosuppressive drugs that, when used to treat certain diseases, may put a woman at greater risk of cervical neoplasia and cancer than the general population, as defined by the article ""Guidelines for Cervical Cancer Screening in Immunosuppressed Women Without HIV Infection"" (Moscicki et al., 2019).; Data Element Scope: RxNorm codes that represent branded and non-branded immunosuppressive medications used to treat either inflammatory bowel disease or rheumatoid arthritis.; Inclusion Criteria: Includes codes that represent immunosuppressant medications used to treat either inflammatory bowel disease or rheumatoid arthritis.",,,False,a39723f3-dc9c-48ce-90ff-06891c29114f,2022-03-02T19:16:26.888Z
"[VSAC] Corticosteroids, Systemic","[VSAC] Corticosteroids, Systemic",,a39723f3-dc9c-48ce-90ff-06891c29114f,a39723f3-dc9c-48ce-90ff-06891c29114f,Under Construction,Awaiting Editing,Clinical Focus: ; Data Element Scope: ; Inclusion Criteria: Single-ingredient systemic glucocorticoid corticosteroids,,,False,a39723f3-dc9c-48ce-90ff-06891c29114f,2022-03-02T19:16:26.889Z
"[VSAC] Bells Palsy,  codes for AE reporting","[VSAC] Bells Palsy,  codes for AE reporting",,a39723f3-dc9c-48ce-90ff-06891c29114f,a39723f3-dc9c-48ce-90ff-06891c29114f,Under Construction,Awaiting Editing,"Clinical Focus: Bells Palsy definition of SNOMED diagnosis codes, for potential identification of potential biologics-related adverse events.; Data Element Scope: This value set may use a model element in the QDM category of Condition/Diagnosis.; Inclusion Criteria: Bells palsy SNOMED diagnosis codes.",,,False,a39723f3-dc9c-48ce-90ff-06891c29114f,2022-03-02T19:16:26.889Z
[VSAC] Cancer,[VSAC] Cancer,,a39723f3-dc9c-48ce-90ff-06891c29114f,a39723f3-dc9c-48ce-90ff-06891c29114f,Under Construction,Awaiting Editing,Clinical Focus: The purpose of this value set is to represent concepts for diagnoses of cancer.; Data Element Scope: This value set may use a model element related to Diagnosis.; Inclusion Criteria: Includes concepts that represent a diagnosis of cancer.,,,False,a39723f3-dc9c-48ce-90ff-06891c29114f,2022-03-02T19:16:26.892Z
[VSAC] Brain Injury,[VSAC] Brain Injury,,a39723f3-dc9c-48ce-90ff-06891c29114f,a39723f3-dc9c-48ce-90ff-06891c29114f,Under Construction,Awaiting Editing,Clinical Focus: Under Development; Data Element Scope: Under Development; Inclusion Criteria: Under Development,,,False,a39723f3-dc9c-48ce-90ff-06891c29114f,2022-03-02T19:16:26.893Z
[VSAC] Elder Abuse Diagnoses ,[VSAC] Elder Abuse Diagnoses ,,a39723f3-dc9c-48ce-90ff-06891c29114f,a39723f3-dc9c-48ce-90ff-06891c29114f,Under Construction,Awaiting Editing,Clinical Focus: <insert metadata> -  - The terms in this value set represent the diagnoses associated with Elder Abuse as identified by the Gravity Project; Data Element Scope: Supports the exchange of data for the Gravity SDOH Clinical Care FHIR implementation guide as well as other uses of these SDOH terms.; Inclusion Criteria: Includes SNOMED CT diagnoses that have been identified through the Gravity Project community consensus voting process,,,False,a39723f3-dc9c-48ce-90ff-06891c29114f,2022-03-02T19:16:26.893Z
[VSAC] Elder Abuse Goals ,[VSAC] Elder Abuse Goals ,,a39723f3-dc9c-48ce-90ff-06891c29114f,a39723f3-dc9c-48ce-90ff-06891c29114f,Under Construction,Awaiting Editing,Clinical Focus: <insert metadata> -  - The terms in this value set represent the goals associated with Elder Abuse as identified by the Gravity Project; Data Element Scope: Supports the exchange of data for the Gravity SDOH Clinical Care FHIR implementation guide as well as other uses of these SDOH terms.; Inclusion Criteria: Includes SNOMED CT goals that have been identified through the Gravity Project community consensus voting process,,,False,a39723f3-dc9c-48ce-90ff-06891c29114f,2022-03-02T19:16:26.893Z
[VSAC] Elder Abuse Interventions ,[VSAC] Elder Abuse Interventions ,,a39723f3-dc9c-48ce-90ff-06891c29114f,a39723f3-dc9c-48ce-90ff-06891c29114f,Under Construction,Awaiting Editing,Clinical Focus: <insert metadata> -  - The terms in this value set represent the interventions associated with Elder Abuse as identified by the Gravity Project; Data Element Scope: Supports the exchange of data for the Gravity SDOH Clinical Care FHIR implementation guide as well as other uses of these SDOH terms.; Inclusion Criteria: Includes SNOMED CT interventions hat have been identified through the Gravity Project community consensus voting process,,,False,a39723f3-dc9c-48ce-90ff-06891c29114f,2022-03-02T19:16:26.894Z
[VSAC] Financial Insecurity Goals ,[VSAC] Financial Insecurity Goals ,,a39723f3-dc9c-48ce-90ff-06891c29114f,a39723f3-dc9c-48ce-90ff-06891c29114f,Under Construction,Awaiting Editing,Clinical Focus: <insert metadata> -  - The terms in this value set represent the goals associated with financial insecurity as identified by the Gravity Project; Data Element Scope: Supports the exchange of data for the Gravity SDOH Clinical Care FHIR implementation guide as well as other uses of this SDOH terms.; Inclusion Criteria: Includes SNOMED CT goals that have been identified through the Gravity Project community consensus voting process,,,False,a39723f3-dc9c-48ce-90ff-06891c29114f,2022-03-02T19:16:26.894Z
[VSAC] Food Insecurity Diagnoses ,[VSAC] Food Insecurity Diagnoses ,,a39723f3-dc9c-48ce-90ff-06891c29114f,a39723f3-dc9c-48ce-90ff-06891c29114f,Under Construction,Awaiting Editing,Clinical Focus: <insert metadata> - The terms in this value set represent the diagnoses associated with food insecurity as identified by the Gravity Project; Data Element Scope: Supports the exchange of data for the Gravity SDOH Clinical Care FHIR implementation guide as well as other uses of these SDOH terms.; Inclusion Criteria: Includes SNOMED CT diagnoses that have been identified through the Gravity Project community consensus voting process,,,False,a39723f3-dc9c-48ce-90ff-06891c29114f,2022-03-02T19:16:26.894Z
[VSAC] Food Insecurity Goals ,[VSAC] Food Insecurity Goals ,,a39723f3-dc9c-48ce-90ff-06891c29114f,a39723f3-dc9c-48ce-90ff-06891c29114f,Under Construction,Awaiting Editing,Clinical Focus: <insert metadata> -  - The terms in this value set represent the goals associated with Food Insecurity Domain as identified by the Gravity Project.; Data Element Scope: Supports the exchange of data for the Gravity SDOH Clinical Care FHIR implementation guide as well as other uses of these SDOH terms.; Inclusion Criteria: Includes SNOMEDCT goals that have been identified through the Gravity Project community consensus voting process,,,False,a39723f3-dc9c-48ce-90ff-06891c29114f,2022-03-02T19:16:26.895Z
[VSAC] Food Insecurity Interventions ,[VSAC] Food Insecurity Interventions ,,a39723f3-dc9c-48ce-90ff-06891c29114f,a39723f3-dc9c-48ce-90ff-06891c29114f,Under Construction,Awaiting Editing,Clinical Focus: <insert metadata> -  - The terms in this value set represent the interventions  associated with food insecurity as identified by the Gravity Project; Data Element Scope: Supports the exchange of data for the Gravity SDOH Clinical Care FHIR implementation guide as well as other uses of these SDOH terms.; Inclusion Criteria: Includes SNOMED CT food insecurity interventions that have been identified through the Gravity Project community consensus voting process,,,False,a39723f3-dc9c-48ce-90ff-06891c29114f,2022-03-02T19:16:26.895Z
[VSAC] Homelessness Diagnoses ,[VSAC] Homelessness Diagnoses ,,a39723f3-dc9c-48ce-90ff-06891c29114f,a39723f3-dc9c-48ce-90ff-06891c29114f,Under Construction,Awaiting Editing,Clinical Focus: <insert metadata> -  - The terms in this value set represent the diagnoses associated with the Homelessness domain as identified by the Gravity Project; Data Element Scope: Supports the exchange of data for the Gravity SDOH Clinical Care FHIR implementation guide as well as other uses of this SDOH terms.; Inclusion Criteria: Includes SNOMED CT diagnoses that have been identified through the Gravity Project community consensus voting process,,,False,a39723f3-dc9c-48ce-90ff-06891c29114f,2022-03-02T19:16:26.895Z
[VSAC] Homelessness Intervention ,[VSAC] Homelessness Intervention ,,a39723f3-dc9c-48ce-90ff-06891c29114f,a39723f3-dc9c-48ce-90ff-06891c29114f,Under Construction,Awaiting Editing,Clinical Focus: <insert metadata> -  - The terms in this value set represent the interventions associated with Homelessness as identified by the Gravity Project; Data Element Scope: Supports the exchange of data for the Gravity SDOH Clinical Care FHIR implementation guide as well as other uses of this SDOH terms.; Inclusion Criteria: Includes SNOMED CT interventions that have been identified through the Gravity Project community consensus voting process,,,False,a39723f3-dc9c-48ce-90ff-06891c29114f,2022-03-02T19:16:26.895Z
[VSAC] Housing Instability Diagnoses ,[VSAC] Housing Instability Diagnoses ,,a39723f3-dc9c-48ce-90ff-06891c29114f,a39723f3-dc9c-48ce-90ff-06891c29114f,Under Construction,Awaiting Editing,"Clinical Focus: ""<insert metadata> -  - The terms in this value set represent the diagnoses associated with housing instability as identified by the Gravity Project""; Data Element Scope: Supports the exchange of data for the Gravity SDOH Clinical Care FHIR implementation guide as well as other uses of this SDOH terms.; Inclusion Criteria: Includes SNOMED CT diagnoses that have been identified through the Gravity Project community consensus voting process",,,False,a39723f3-dc9c-48ce-90ff-06891c29114f,2022-03-02T19:16:26.896Z
[VSAC] Housing Instability Intervention ,[VSAC] Housing Instability Intervention ,,a39723f3-dc9c-48ce-90ff-06891c29114f,a39723f3-dc9c-48ce-90ff-06891c29114f,Under Construction,Awaiting Editing,Clinical Focus: <insert metadata> -  - The terms in this value set represent the interventions associated with housing instability as identified by the Gravity Project; Data Element Scope: Supports the exchange of data for the Gravity SDOH Clinical Care FHIR implementation guide as well as other uses of this SDOH terms.; Inclusion Criteria: Includes SNOMEDCT interventions that have been identified through the Gravity Project community consensus voting process,,,False,a39723f3-dc9c-48ce-90ff-06891c29114f,2022-03-02T19:16:26.896Z
[VSAC] Inadequate Housing Diagnoses ,[VSAC] Inadequate Housing Diagnoses ,,a39723f3-dc9c-48ce-90ff-06891c29114f,a39723f3-dc9c-48ce-90ff-06891c29114f,Under Construction,Awaiting Editing,"Clinical Focus: ""<insert metadata> -  - The terms in this value set represent the diagnoses associated with inadequate housing as identified by the Gravity Project""; Data Element Scope: Supports the exchange of data for the Gravity SDOH Clinical Care FHIR implementation guide as well as other uses of this SDOH terms.; Inclusion Criteria: Includes SNOMED CT diagnoses that have been identified through the Gravity Project community consensus voting process",,,False,a39723f3-dc9c-48ce-90ff-06891c29114f,2022-03-02T19:16:26.896Z
[VSAC] Inadequate Housing Goals ,[VSAC] Inadequate Housing Goals ,,a39723f3-dc9c-48ce-90ff-06891c29114f,a39723f3-dc9c-48ce-90ff-06891c29114f,Under Construction,Awaiting Editing,"Clinical Focus: ""<insert metadata> -  - The terms in this value set represent the goals associated with inadequate housing as identified by the Gravity Project""; Data Element Scope: Supports the exchange of data for the Gravity SDOH Clinical Care FHIR implementation guide as well as other uses of this SDOH terms.; Inclusion Criteria: Includes SNOMED CT goals that have been identified through the Gravity Project community consensus voting process",,,False,a39723f3-dc9c-48ce-90ff-06891c29114f,2022-03-02T19:16:26.896Z
[VSAC] Inadequate Housing Interventions ,[VSAC] Inadequate Housing Interventions ,,a39723f3-dc9c-48ce-90ff-06891c29114f,a39723f3-dc9c-48ce-90ff-06891c29114f,Under Construction,Awaiting Editing,"Clinical Focus: ""<insert metadata> -  - The terms in this value set represent the interventions associated with inadequate housing as identified by the Gravity Project""; Data Element Scope: Supports the exchange of data for the Gravity SDOH Clinical Care FHIR implementation guide as well as other uses of this SDOH terms.; Inclusion Criteria: Includes SNOMED CT interventions that have been identified through the Gravity Project community consensus voting process",,,False,a39723f3-dc9c-48ce-90ff-06891c29114f,2022-03-02T19:16:26.896Z
[VSAC] Intimate Partner Violence Diagnoses ,[VSAC] Intimate Partner Violence Diagnoses ,,a39723f3-dc9c-48ce-90ff-06891c29114f,a39723f3-dc9c-48ce-90ff-06891c29114f,Under Construction,Awaiting Editing,Clinical Focus: <insert metadata> -  The terms in this value set represent the diagnoses associated with Intimate Partner Violence as identified by the Gravity Project; Data Element Scope: Supports the exchange of data for the Gravity SDOH Clinical Care FHIR implementation guide as well as other uses of these SDOH terms.; Inclusion Criteria: Includes SNOMED CT diagnoses that have been identified through the Gravity Project community consensus voting process,,,False,a39723f3-dc9c-48ce-90ff-06891c29114f,2022-03-02T19:16:26.897Z
[VSAC] Intimate Partner Violence Goals ,[VSAC] Intimate Partner Violence Goals ,,a39723f3-dc9c-48ce-90ff-06891c29114f,a39723f3-dc9c-48ce-90ff-06891c29114f,Under Construction,Awaiting Editing,Clinical Focus: <insert metadata> -  - The terms in this value set represent the goals associated with Intimate Partner Violence as identified by the Gravity Project; Data Element Scope: Supports the exchange of data for the Gravity SDOH Clinical Care FHIR implementation guide as well as other uses of these SDOH terms.; Inclusion Criteria: Includes SNOMED CT goals that have been identified through the Gravity Project community consensus voting process,,,False,a39723f3-dc9c-48ce-90ff-06891c29114f,2022-03-02T19:16:26.897Z
[VSAC] Intimate Partner Violence Interventions ,[VSAC] Intimate Partner Violence Interventions ,,a39723f3-dc9c-48ce-90ff-06891c29114f,a39723f3-dc9c-48ce-90ff-06891c29114f,Under Construction,Awaiting Editing,Clinical Focus: <insert metadata> -  - The terms in this value set represent the interventions associated with Intimate Partner Violence as identified by the Gravity Project; Data Element Scope: Supports the exchange of data for the Gravity SDOH Clinical Care FHIR implementation guide as well as other uses of these SDOH terms.; Inclusion Criteria: Includes SNOMED CT interventions that have been identified through the Gravity Project community consensus voting process,,,False,a39723f3-dc9c-48ce-90ff-06891c29114f,2022-03-02T19:16:26.897Z
[VSAC] Less than high school education Goals ,[VSAC] Less than high school education Goals ,,a39723f3-dc9c-48ce-90ff-06891c29114f,a39723f3-dc9c-48ce-90ff-06891c29114f,Under Construction,Awaiting Editing,Clinical Focus: <insert metadata> -  - The terms in this value set represent the goals  associated with Less than high school education as identified by the Gravity Project; Data Element Scope: Supports the exchange of data for the Gravity SDOH Clinical Care FHIR implementation guide as well as other uses of these SDOH terms.; Inclusion Criteria: Includes SNOMED CT goals that have been identified through the Gravity Project community consensus voting process,,,False,a39723f3-dc9c-48ce-90ff-06891c29114f,2022-03-02T19:16:26.897Z
[VSAC] Material Hardship Diagnoses ,[VSAC] Material Hardship Diagnoses ,,a39723f3-dc9c-48ce-90ff-06891c29114f,a39723f3-dc9c-48ce-90ff-06891c29114f,Under Construction,Awaiting Editing,Clinical Focus: <insert metadata> -  - The terms in this value set represent the diagnoses associated with material hardship as identified by the Gravity Project; Data Element Scope: Supports the exchange of data for the Gravity SDOH Clinical Care FHIR implementation guide as well as other uses of this SDOH terms.; Inclusion Criteria: Includes SNOMED CT diagnoses that have been identified through the Gravity Project community consensus voting process,,,False,a39723f3-dc9c-48ce-90ff-06891c29114f,2022-03-02T19:16:26.898Z
[VSAC] Material Hardship Goals ,[VSAC] Material Hardship Goals ,,a39723f3-dc9c-48ce-90ff-06891c29114f,a39723f3-dc9c-48ce-90ff-06891c29114f,Under Construction,Awaiting Editing,Clinical Focus: <insert metadata> -  - The terms in this value set represent the goals associated with material hardship as identified by the Gravity Project; Data Element Scope: Supports the exchange of data for the Gravity SDOH Clinical Care FHIR implementation guide as well as other uses of this SDOH terms.; Inclusion Criteria: Includes SNOMED CT goals that have been identified through the Gravity Project community consensus voting process,,,False,a39723f3-dc9c-48ce-90ff-06891c29114f,2022-03-02T19:16:26.898Z
[VSAC] Social Connection Diagnoses ,[VSAC] Social Connection Diagnoses ,,a39723f3-dc9c-48ce-90ff-06891c29114f,a39723f3-dc9c-48ce-90ff-06891c29114f,Under Construction,Awaiting Editing,Clinical Focus: <insert metadata> -  The terms in this value set represent the diagnoses associated with Social Connection as identified by the Gravity Project; Data Element Scope: Supports the exchange of data for the Gravity SDOH Clinical Care FHIR implementation guide as well as other uses of these SDOH terms.; Inclusion Criteria: Includes SNOMED CT diagnoses that have been identified through the Gravity Project community consensus voting process,,,False,a39723f3-dc9c-48ce-90ff-06891c29114f,2022-03-02T19:16:26.898Z
[VSAC] Social Connection Goals ,[VSAC] Social Connection Goals ,,a39723f3-dc9c-48ce-90ff-06891c29114f,a39723f3-dc9c-48ce-90ff-06891c29114f,Under Construction,Awaiting Editing,"Clinical Focus: ""<insert metadata> - The terms in this value set represent the goals associated with Social Connection as identified by the Gravity Project""; Data Element Scope: Supports the exchange of data for the Gravity SDOH Clinical Care FHIR implementation guide as well as other uses of these SDOH terms.; Inclusion Criteria: Includes SNOMED CT goals that have been identified through the Gravity Project community consensus voting process",,,False,a39723f3-dc9c-48ce-90ff-06891c29114f,2022-03-02T19:16:26.898Z
[VSAC] Social Connection Interventions ,[VSAC] Social Connection Interventions ,,a39723f3-dc9c-48ce-90ff-06891c29114f,a39723f3-dc9c-48ce-90ff-06891c29114f,Under Construction,Awaiting Editing,Clinical Focus: <insert metadata> -  - The terms in this value set represent the interventions associated with Social Connection as identified by the Gravity Project; Data Element Scope: Supports the exchange of data for the Gravity SDOH Clinical Care FHIR implementation guide as well as other uses of these SDOH terms.; Inclusion Criteria: Includes SNOMED CT interventions that have been identified through the Gravity Project community consensus voting process,,,False,a39723f3-dc9c-48ce-90ff-06891c29114f,2022-03-02T19:16:26.898Z
[VSAC] Social Determinants of Health General Interventions ,[VSAC] Social Determinants of Health General Interventions ,,a39723f3-dc9c-48ce-90ff-06891c29114f,a39723f3-dc9c-48ce-90ff-06891c29114f,Under Construction,Awaiting Editing,Clinical Focus: <insert metadata> -  - The terms in this value set represent the general interventions associated with multiple domains as identified by the Gravity Project; Data Element Scope: Supports the exchange of data for the Gravity SDOH Clinical Care FHIR implementation guide as well as other uses of these SDOH terms.; Inclusion Criteria: Includes social determinants of health general interventions that have been identified through the Gravity Project community consensus voting process,,,False,a39723f3-dc9c-48ce-90ff-06891c29114f,2022-03-02T19:16:26.899Z
[VSAC] Stress Diagnoses ,[VSAC] Stress Diagnoses ,,a39723f3-dc9c-48ce-90ff-06891c29114f,a39723f3-dc9c-48ce-90ff-06891c29114f,Under Construction,Awaiting Editing,Clinical Focus: <insert metadata> -  - The terms in this value set represent the diagnoses associated with Stress as identified by the Gravity Project; Data Element Scope: Supports the exchange of data for the Gravity SDOH Clinical Care FHIR implementation guide as well as other uses of these SDOH terms.; Inclusion Criteria: Includes SNOMED CT diagnoses that have been identified through the Gravity Project community consensus voting process,,,False,a39723f3-dc9c-48ce-90ff-06891c29114f,2022-03-02T19:16:26.899Z
[VSAC] Stress Goals ,[VSAC] Stress Goals ,,a39723f3-dc9c-48ce-90ff-06891c29114f,a39723f3-dc9c-48ce-90ff-06891c29114f,Under Construction,Awaiting Editing,Clinical Focus: <insert metadata> -  - The terms in this value set represent the goals associated with Stress as identified by the Gravity Project; Data Element Scope: Supports the exchange of data for the Gravity SDOH Clinical Care FHIR implementation guide as well as other uses of these SDOH terms.; Inclusion Criteria: Includes SNOMED CT goals that have been identified through the Gravity Project community consensus voting process,,,False,a39723f3-dc9c-48ce-90ff-06891c29114f,2022-03-02T19:16:26.899Z
[VSAC] Stress Interventions ,[VSAC] Stress Interventions ,,a39723f3-dc9c-48ce-90ff-06891c29114f,a39723f3-dc9c-48ce-90ff-06891c29114f,Under Construction,Awaiting Editing,Clinical Focus: <insert metadata> -  - The terms in this value set represent the interventions associated with Stress as identified by the Gravity Project; Data Element Scope: Supports the exchange of data for the Gravity SDOH Clinical Care FHIR implementation guide as well as other uses of these SDOH terms.; Inclusion Criteria: Includes SNOMED CT interventions that have been identified through the Gravity Project community consensus voting process,,,False,a39723f3-dc9c-48ce-90ff-06891c29114f,2022-03-02T19:16:26.899Z
[VSAC] Transportation Insecurity Diagnoses ,[VSAC] Transportation Insecurity Diagnoses ,,a39723f3-dc9c-48ce-90ff-06891c29114f,a39723f3-dc9c-48ce-90ff-06891c29114f,Under Construction,Awaiting Editing,Clinical Focus: <insert metadata> -  - The terms in this value set represent the diagnoses associated with transportation insecurity as identified by the Gravity Project; Data Element Scope: Supports the exchange of data for the Gravity SDOH Clinical Care FHIR implementation guide as well as other uses of this SDOH terms.; Inclusion Criteria: Includes SNOMED CT diagnoses that have been identified through the Gravity Project community consensus voting process,,,False,a39723f3-dc9c-48ce-90ff-06891c29114f,2022-03-02T19:16:26.900Z
[VSAC] Unemployment Diagnoses ,[VSAC] Unemployment Diagnoses ,,a39723f3-dc9c-48ce-90ff-06891c29114f,a39723f3-dc9c-48ce-90ff-06891c29114f,Under Construction,Awaiting Editing,Clinical Focus: <insert metadata> -  - The terms in this value set represent the diagnoses associated with unemployment as identified by the Gravity Project.; Data Element Scope: Supports the exchange of data for the Gravity SDOH Clinical Care FHIR implementation guide as well as other uses of this SDOH terms.; Inclusion Criteria: Includes SNOMED CT diagnoses that have been identified through the Gravity Project community consensus voting process,,,False,a39723f3-dc9c-48ce-90ff-06891c29114f,2022-03-02T19:16:26.900Z
[VSAC] Unemployment Goals ,[VSAC] Unemployment Goals ,,a39723f3-dc9c-48ce-90ff-06891c29114f,a39723f3-dc9c-48ce-90ff-06891c29114f,Under Construction,Awaiting Editing,Clinical Focus: <insert metadata> -  - The terms in this value set represent the goals associated with unemployment as identified by the Gravity Project; Data Element Scope: Supports the exchange of data for the Gravity SDOH Clinical Care FHIR implementation guide as well as other uses of these SDOH terms.; Inclusion Criteria: Includes SNOMED CT goals that have been identified through the Gravity Project community consensus voting process,,,False,a39723f3-dc9c-48ce-90ff-06891c29114f,2022-03-02T19:16:26.900Z
[VSAC] Unemployment Interventions ,[VSAC] Unemployment Interventions ,,a39723f3-dc9c-48ce-90ff-06891c29114f,a39723f3-dc9c-48ce-90ff-06891c29114f,Under Construction,Awaiting Editing,Clinical Focus: <insert metadata> -  - The terms in this value set represent the interventions  associated with unemployment as identified by the Gravity Project; Data Element Scope: Supports the exchange of data for the Gravity SDOH Clinical Care FHIR implementation guide as well as other uses of these SDOH terms.; Inclusion Criteria: Includes SNOMED CT interventions that have been identified through the Gravity Project community consensus voting process,,,False,a39723f3-dc9c-48ce-90ff-06891c29114f,2022-03-02T19:16:26.900Z
[VSAC] Veteran Status Diagnoses ,[VSAC] Veteran Status Diagnoses ,,a39723f3-dc9c-48ce-90ff-06891c29114f,a39723f3-dc9c-48ce-90ff-06891c29114f,Under Construction,Awaiting Editing,Clinical Focus: <insert metadata> -  - The terms in this value set represent the diagnosis associated with Veteran Status as identified by the Gravity Project; Data Element Scope: Supports the exchange of data for the Gravity SDOH Clinical Care FHIR implementation guide as well as other uses of these SDOH terms.; Inclusion Criteria: Includes SNOMED CT diagnosis that have been identified through the Gravity Project community consensus voting process,,,False,a39723f3-dc9c-48ce-90ff-06891c29114f,2022-03-02T19:16:26.900Z
[VSAC] Ischemic Stroke_Other,[VSAC] Ischemic Stroke_Other,,a39723f3-dc9c-48ce-90ff-06891c29114f,a39723f3-dc9c-48ce-90ff-06891c29114f,Under Construction,Awaiting Editing,Clinical Focus: The purpose of this value set is to represent concepts for diagnoses of ischemic strokes.; Data Element Scope: This value set may use a model element related to Diagnosis.; Inclusion Criteria: Includes concepts that represent a diagnosis of ischemic stroke.,,,False,a39723f3-dc9c-48ce-90ff-06891c29114f,2022-03-02T19:16:26.901Z
[VSAC] Ischemic Stroke_Thrombosis,[VSAC] Ischemic Stroke_Thrombosis,,a39723f3-dc9c-48ce-90ff-06891c29114f,a39723f3-dc9c-48ce-90ff-06891c29114f,Under Construction,Awaiting Editing,Clinical Focus: The purpose of this value set is to represent concepts for diagnoses of ischemic strokes.; Data Element Scope: This value set may use a model element related to Diagnosis.; Inclusion Criteria: Includes concepts that represent a diagnosis of ischemic stroke.,,,False,a39723f3-dc9c-48ce-90ff-06891c29114f,2022-03-02T19:16:26.901Z
[VSAC] Elder Abuse Procedures,[VSAC] Elder Abuse Procedures,,a39723f3-dc9c-48ce-90ff-06891c29114f,a39723f3-dc9c-48ce-90ff-06891c29114f,Under Construction,Awaiting Editing,Clinical Focus: <insert metadata>  - The value sets in this group represent the interventions associated with Elder Abuse as identified by the Gravity Project; Data Element Scope: Supports the Gravity SDOH Clinical Care FHIR Implementation guide for the exchange of procedure.code.; Inclusion Criteria: Includes SNOMED CT and CPT interventions that have been identified through the Gravity Project community consensus voting process,,,False,a39723f3-dc9c-48ce-90ff-06891c29114f,2022-03-02T19:16:26.901Z
[VSAC] Financial Insecurity Procedures,[VSAC] Financial Insecurity Procedures,,a39723f3-dc9c-48ce-90ff-06891c29114f,a39723f3-dc9c-48ce-90ff-06891c29114f,Under Construction,Awaiting Editing,Clinical Focus: <insert metadata>  - The value sets in this group represent the interventions associated with financial insecurity as identified by the Gravity Project; Data Element Scope: Supports the Gravity SDOH Clinical Care FHIR Implementation guide for the exchange of procedure.code.; Inclusion Criteria: Includes SNOMED CT and CPT interventions that have been identified through the Gravity Project community consensus voting process,,,False,a39723f3-dc9c-48ce-90ff-06891c29114f,2022-03-02T19:16:26.902Z
[VSAC] Food Insecurity Procedures,[VSAC] Food Insecurity Procedures,,a39723f3-dc9c-48ce-90ff-06891c29114f,a39723f3-dc9c-48ce-90ff-06891c29114f,Under Construction,Awaiting Editing,"Clinical Focus: <insert metadata> -  - The value sets in this group represent the interventions for food insecurity as identified by the Gravity Project; Data Element Scope: Supports the Gravity SDOH Clinical Care FHIR Implementation guide for the exchange of procedure.code elements; Inclusion Criteria: Includes SNOMED CT, CPT and HCPCS food insecurity interventions  that have been identified through the Gravity Project community consensus voting process",,,False,a39723f3-dc9c-48ce-90ff-06891c29114f,2022-03-02T19:16:26.902Z
[VSAC] Homelessness Procedures,[VSAC] Homelessness Procedures,,a39723f3-dc9c-48ce-90ff-06891c29114f,a39723f3-dc9c-48ce-90ff-06891c29114f,Under Construction,Awaiting Editing,Clinical Focus: <insert metadata> The value sets in this group represent the interventions associated with homelessness as identified by the Gravity Project.; Data Element Scope: Supports the Gravity SDOH Clinical Care FHIR Implementation guide for the exchange of procedure.code resource element.; Inclusion Criteria: Includes SNOMED CT and CPT interventions that have been identified through the Gravity Project community consensus voting process,,,False,a39723f3-dc9c-48ce-90ff-06891c29114f,2022-03-02T19:16:26.902Z
[VSAC] Housing Instability Procedures,[VSAC] Housing Instability Procedures,,a39723f3-dc9c-48ce-90ff-06891c29114f,a39723f3-dc9c-48ce-90ff-06891c29114f,Under Construction,Awaiting Editing,Clinical Focus: <insert metadata> The value sets in this group represent the interventions associated with housing instability as identified by the Gravity Project; Data Element Scope: Supports the Gravity SDOH Clinical Care FHIR Implementation guide for the exchange of procedure.code.; Inclusion Criteria: Includes SNOMED CT and CPT interventions that have been identified through the Gravity Project community consensus voting process,,,False,a39723f3-dc9c-48ce-90ff-06891c29114f,2022-03-02T19:16:26.902Z
[VSAC] Inadequate Housing Procedures,[VSAC] Inadequate Housing Procedures,,a39723f3-dc9c-48ce-90ff-06891c29114f,a39723f3-dc9c-48ce-90ff-06891c29114f,Under Construction,Awaiting Editing,Clinical Focus: <insert metadata> The value sets in this group represent the interventions associated with inadequate housing as identified by the Gravity Project; Data Element Scope: Supports the Gravity SDOH Clinical Care FHIR Implementation guide for the exchange of procedure.code.; Inclusion Criteria: Includes SNOMED CT and CPT interventions that have been identified through the Gravity Project community consensus voting process,,,False,a39723f3-dc9c-48ce-90ff-06891c29114f,2022-03-02T19:16:26.903Z
[VSAC] Intimate Partner Violence Procedures,[VSAC] Intimate Partner Violence Procedures,,a39723f3-dc9c-48ce-90ff-06891c29114f,a39723f3-dc9c-48ce-90ff-06891c29114f,Under Construction,Awaiting Editing,Clinical Focus: insert metadata>  -  - The value sets in this group represent the interventions associated with Intimate Partner Violence as identified by the Gravity Project; Data Element Scope: Supports the Gravity SDOH Clinical Care FHIR Implementation guide for the exchange of procedure.code.; Inclusion Criteria: Includes SNOMED CT and CPT interventions that have been identified through the Gravity Project community consensus voting process,,,False,a39723f3-dc9c-48ce-90ff-06891c29114f,2022-03-02T19:16:26.903Z
[VSAC] Less than high school education Procedures,[VSAC] Less than high school education Procedures,,a39723f3-dc9c-48ce-90ff-06891c29114f,a39723f3-dc9c-48ce-90ff-06891c29114f,Under Construction,Awaiting Editing,Clinical Focus: <insert metadata>  - The value sets in this group represent the interventions associated with Less than high school education as identified by the Gravity Project.; Data Element Scope: Supports the Gravity SDOH Clinical Care FHIR Implementation guide for the exchange of procedure.code.; Inclusion Criteria: Includes SNOMED CT and CPT codes that have been identified through the Gravity Project community consensus voting process,,,False,a39723f3-dc9c-48ce-90ff-06891c29114f,2022-03-02T19:16:26.903Z
[VSAC] Material Hardship Procedures,[VSAC] Material Hardship Procedures,,a39723f3-dc9c-48ce-90ff-06891c29114f,a39723f3-dc9c-48ce-90ff-06891c29114f,Under Construction,Awaiting Editing,Clinical Focus: <insert metadata>  - The value sets in this group represent the interventions associated with material hardship as identified by the Gravity Project; Data Element Scope: Supports the Gravity SDOH Clinical Care FHIR Implementation guide for the exchange of procedure.code.; Inclusion Criteria: Includes SNOMED CT and CPT interventions that have been identified through the Gravity Project community consensus voting process,,,False,a39723f3-dc9c-48ce-90ff-06891c29114f,2022-03-02T19:16:26.903Z
[VSAC] Social Connection Procedures,[VSAC] Social Connection Procedures,,a39723f3-dc9c-48ce-90ff-06891c29114f,a39723f3-dc9c-48ce-90ff-06891c29114f,Under Construction,Awaiting Editing,Clinical Focus: <insert metadata>  -  - The value sets in this group represent the intervention associated with Social Connection as identified by the Gravity Project; Data Element Scope: Supports the Gravity SDOH Clinical Care FHIR Implementation guide for the exchange of procedure.code.; Inclusion Criteria: Includes SNOMED CT and CPT interventions that have been identified through the Gravity Project community consensus voting process,,,False,a39723f3-dc9c-48ce-90ff-06891c29114f,2022-03-02T19:16:26.904Z
[VSAC] Social Determinants of Health Goals,[VSAC] Social Determinants of Health Goals,,a39723f3-dc9c-48ce-90ff-06891c29114f,a39723f3-dc9c-48ce-90ff-06891c29114f,Under Construction,Awaiting Editing,Clinical Focus: The value sets in this group represent all of the individual domain goals identified by the Gravity Project; Data Element Scope: Supports the Gravity SDOH Clinical Care FHIR Implementation guide for the exchange of goal resource elements.; Inclusion Criteria: Includes SNOMED CT goals that have been identified through the Gravity Project community consensus voting process,,,False,a39723f3-dc9c-48ce-90ff-06891c29114f,2022-03-02T19:16:26.904Z
[VSAC] Social Determinants of Health Procedures,[VSAC] Social Determinants of Health Procedures,,a39723f3-dc9c-48ce-90ff-06891c29114f,a39723f3-dc9c-48ce-90ff-06891c29114f,Under Construction,Awaiting Editing,"Clinical Focus: The value sets in this group represent all of the individual domain interventions identified by the Gravity Project; Data Element Scope: Supports the Gravity SDOH Clinical Care FHIR Implementation guide for the exchange of procedure resource elements.; Inclusion Criteria: Includes SNOMED CT, CPT and HCPCS interventions that have been identified through the Gravity Project community consensus voting process",,,False,a39723f3-dc9c-48ce-90ff-06891c29114f,2022-03-02T19:16:26.904Z
[VSAC] Stress Procedures,[VSAC] Stress Procedures,,a39723f3-dc9c-48ce-90ff-06891c29114f,a39723f3-dc9c-48ce-90ff-06891c29114f,Under Construction,Awaiting Editing,Clinical Focus: <insert metadata>  - The value sets in this group represent the interventions associated with Stress as identified by the Gravity Project; Data Element Scope: Supports the Gravity SDOH Clinical Care FHIR Implementation guide for the exchange of procedure.code.; Inclusion Criteria: Includes SNOMED CT and CPT interventions that have been identified through the Gravity Project community consensus voting process,,,False,a39723f3-dc9c-48ce-90ff-06891c29114f,2022-03-02T19:16:26.905Z
[VSAC] Transportation Insecurity Procedures,[VSAC] Transportation Insecurity Procedures,,a39723f3-dc9c-48ce-90ff-06891c29114f,a39723f3-dc9c-48ce-90ff-06891c29114f,Under Construction,Awaiting Editing,Clinical Focus: <insert metadata>  - The value sets in this group represent the interventions associated with transportation insecurity as identified by the Gravity Project; Data Element Scope: Supports the Gravity SDOH Clinical Care FHIR Implementation guide for the exchange of procedure.code.; Inclusion Criteria: Includes SNOMED CT and CPT interventions that have been identified through the Gravity Project community consensus voting process,,,False,a39723f3-dc9c-48ce-90ff-06891c29114f,2022-03-02T19:16:26.905Z
[VSAC] Unemployment Procedures,[VSAC] Unemployment Procedures,,a39723f3-dc9c-48ce-90ff-06891c29114f,a39723f3-dc9c-48ce-90ff-06891c29114f,Under Construction,Awaiting Editing,Clinical Focus: <insert metadata> -  The value sets in this group represent the interventions associated with unemployment as identified by the Gravity Project; Data Element Scope: Supports the Gravity SDOH Clinical Care FHIR Implementation guide for the exchange of procedure.code.; Inclusion Criteria: Includes SNOMED CT and CPT intervention codes that have been identified through the Gravity Project community consensus voting process,,,False,a39723f3-dc9c-48ce-90ff-06891c29114f,2022-03-02T19:16:26.905Z
[VSAC] Veteran Status Procedures,[VSAC] Veteran Status Procedures,,a39723f3-dc9c-48ce-90ff-06891c29114f,a39723f3-dc9c-48ce-90ff-06891c29114f,Under Construction,Awaiting Editing,Clinical Focus: <insert metadata> The value sets in this group represent the interventions associated with Veterans Status as identified by the Gravity Project; Data Element Scope: Supports the Gravity SDOH Clinical Care FHIR Implementation guide for the exchange of procedure.code.; Inclusion Criteria: Includes SNOMED CT and CPT interventions that have been identified through the Gravity Project community consensus voting process,,,False,a39723f3-dc9c-48ce-90ff-06891c29114f,2022-03-02T19:16:26.906Z
